{
  "configVersion": 1,
  "timestamp": 1685616804448,
  "index": "/index.html",
  "assetGroups": [
    {
      "name": "app",
      "installMode": "prefetch",
      "updateMode": "prefetch",
      "cacheQueryOptions": {
        "ignoreVary": true
      },
      "urls": [
        "/1053.e86ebdbbb675c745.js",
        "/1077.b7a557e72caef240.js",
        "/126.9bc3c502011de729.js",
        "/1324.3b6219a05d09c2ff.js",
        "/1659.a8e18d4cde6e8203.js",
        "/1686.ad805757af012e42.js",
        "/2160.0ab6dbeb04cb767b.js",
        "/217.1b83956bb99ddd3e.js",
        "/2278.4c925685fd308fdb.js",
        "/246.928cdefed09f19d6.js",
        "/2634.dbec1f87e0b21a5a.js",
        "/3261.815d75442e2981e2.js",
        "/3762.2137f7998f043d02.js",
        "/4238.0633c8ee508f91b7.js",
        "/4368.b493caf34b1065b9.js",
        "/4558.91343027ebf6a0bc.js",
        "/464.4a8549720183ac6a.js",
        "/4820.d1d192dda71bf8b2.js",
        "/535.2b27adc934f3fd6c.js",
        "/5418.be91c323dc98d5b3.js",
        "/5439.11797358b9aae820.js",
        "/5712.a8bcf7d1b6b56f7c.js",
        "/5795.a43fb5504c656205.js",
        "/5908.28e2b9a8e7bfc7a6.js",
        "/609.6f63c63ba1d38929.js",
        "/6190.406519484d11e0d5.js",
        "/6263.ef5b3771c1be7911.js",
        "/6293.7ad45700e57b81fb.js",
        "/6442.7486daff6e5df2aa.js",
        "/6484.cdb25ffddb382475.js",
        "/6636.c401e01586e3155f.js",
        "/6715.48b2b64709bcb5a0.js",
        "/6797.1ab4e0746a2292bf.js",
        "/6850.74f91adb69537ac4.js",
        "/7066.311a05490ab92f80.js",
        "/7117.2741217fdf872348.js",
        "/7211.c9ef565c13f6ef49.js",
        "/7348.ad999c308033fdff.js",
        "/7458.03982e4ed2ef6a93.js",
        "/7657.3f5043e751f909b1.js",
        "/7937.acfce5954ef6e7a3.js",
        "/7957.e703cf917e5bb167.js",
        "/8301.58d9fdd1dacaa838.js",
        "/8421.9dcfe38b0f035950.js",
        "/857.a3f2ee6d5d7f076e.js",
        "/8712.1b8d1d2087a3eaa8.js",
        "/8862.ee8b3a6e887636dc.js",
        "/9055.4172b0ae65c23893.js",
        "/9363.94aa74608a283490.js",
        "/9427.c0214b4e921560f3.js",
        "/9470.d1c4a41d5dac8829.js",
        "/9579.a09bf68074dcca86.js",
        "/9607.4f77a4bce9c57b72.js",
        "/9617.1a6206b9f2f1c46e.js",
        "/9898.b23c7bbd746cdb49.js",
        "/common.e88a6edc68aa627f.js",
        "/favicon.ico",
        "/index.html",
        "/main.df60717e176ae2c5.js",
        "/polyfills.15394a19380240ca.js",
        "/runtime.242bdb53232757d5.js",
        "/scripts.94dda2742edddeae.js",
        "/styles.326953277c54bd62.css"
      ],
      "patterns": []
    },
    {
      "name": "assets",
      "installMode": "lazy",
      "updateMode": "prefetch",
      "cacheQueryOptions": {
        "ignoreVary": true
      },
      "urls": [
        "/Simple-Line-Icons.52d717ba24b0987a.svg",
        "/Simple-Line-Icons.5689ee571bc3ae7f.woff2",
        "/Simple-Line-Icons.85169f9d8957e2e5.woff",
        "/Simple-Line-Icons.c12706c1c29891ed.ttf",
        "/Simple-Line-Icons.eaf4ee541957b80f.eot",
        "/ad.395509dd21ce9922.svg",
        "/ad.975b11c6fb991a84.svg",
        "/ae.8fa2008feacc77c0.svg",
        "/ae.be0ab27956aae11d.svg",
        "/af.0f87410c443d568d.svg",
        "/af.aef935474533bffd.svg",
        "/ag.e0b9d04780c2e161.svg",
        "/ag.ef1d136fdb1091e2.svg",
        "/ai.09bd30f34c4cc6a0.svg",
        "/ai.aaf0ff48c6b12c60.svg",
        "/al.02cbf9de8180d822.svg",
        "/al.249e98714d060929.svg",
        "/am.068ba2069eda32bd.svg",
        "/am.4f9147117c0fda3d.svg",
        "/ao.7586701f67ff9cfb.svg",
        "/ao.88adec9fde660823.svg",
        "/aq.43c7b7f576953df5.svg",
        "/aq.87e49ee0d3b5ae25.svg",
        "/ar.2933b34068fcd33b.svg",
        "/ar.ab8faf6fc7d42d42.svg",
        "/as.0d5e1494262b8512.svg",
        "/as.13c4ff813c4dc9ba.svg",
        "/assets/big.png",
        "/assets/css/animate.scss",
        "/assets/css/custom.scss",
        "/assets/css/google-fonts.css",
        "/assets/data/wilayats.json",
        "/assets/en.png",
        "/assets/i18n/en.json",
        "/assets/i18n/spanish.json",
        "/assets/icon.png",
        "/assets/icon/ico-fonts/css/icofont.css",
        "/assets/icon/ico-fonts/fonts/icofont.eot",
        "/assets/icon/ico-fonts/fonts/icofont.svg",
        "/assets/icon/ico-fonts/fonts/icofont.ttf",
        "/assets/icon/ico-fonts/fonts/icofont.woff",
        "/assets/icon/icofont/css/icofont.css",
        "/assets/icon/icofont/fonts/icofont.eot",
        "/assets/icon/icofont/fonts/icofont.svg",
        "/assets/icon/icofont/fonts/icofont.ttf",
        "/assets/icon/icofont/fonts/icofont.woff",
        "/assets/icons/icon-128x128.png",
        "/assets/icons/icon-144x144.png",
        "/assets/icons/icon-152x152.png",
        "/assets/icons/icon-192x192.png",
        "/assets/icons/icon-384x384.png",
        "/assets/icons/icon-512x512.png",
        "/assets/icons/icon-72x72.png",
        "/assets/icons/icon-96x96.png",
        "/assets/images/auth/Logo-small-bottom.png",
        "/assets/images/auth/big.png",
        "/assets/images/auth/logo.png",
        "/assets/images/avatar-1.jpg",
        "/assets/images/avatar-1.png",
        "/assets/images/avatar-2.png",
        "/assets/images/avatar-3.png",
        "/assets/images/avatar-4.png",
        "/assets/images/avatar-5.png",
        "/assets/images/avatar.jpg",
        "/assets/images/bg.jpg",
        "/assets/images/chat-bg.jpg",
        "/assets/images/complete.png",
        "/assets/images/details_close.png",
        "/assets/images/details_open.png",
        "/assets/images/logo-blue.png",
        "/assets/images/logo.png",
        "/assets/images/oval.svg",
        "/assets/images/pattern1.png",
        "/assets/images/pattern2.png",
        "/assets/images/pattern3.png",
        "/assets/images/pattern4.png",
        "/assets/images/pattern5.png",
        "/assets/images/pattern6.png",
        "/assets/images/pattern7.png",
        "/assets/images/pattern8.png",
        "/assets/images/pattern9.png",
        "/assets/images/select-arrow.png",
        "/assets/images/tooltip/Euclid.png",
        "/assets/images/tooltip/shape1.svg",
        "/assets/images/tooltip/tooltip1.svg",
        "/assets/images/user.png",
        "/assets/logo-white.png",
        "/assets/logo.png",
        "/assets/pages/treeview/icon-tree.png",
        "/assets/pages/treeview/jquery.tree.js",
        "/assets/pages/treeview/throbber.gif",
        "/assets/pages/treeview/treeview.css",
        "/assets/spanish.png",
        "/assets/vfs_fonts.js",
        "/at.60412645e224641b.svg",
        "/at.f40011c2df3659e0.svg",
        "/au.810f4f5f0f52e636.svg",
        "/au.c06e26363200177a.svg",
        "/aw.a021d3c21427d643.svg",
        "/aw.c10ba383725be0a8.svg",
        "/ax.7e45de545541802b.svg",
        "/ax.c4a1fd8f5275be17.svg",
        "/az.0ca73fc01c193afb.svg",
        "/az.a44dffe34db858b2.svg",
        "/ba.1bfe67081f2b9c5b.svg",
        "/ba.f64979dd42950319.svg",
        "/bb.7983914cd09d9370.svg",
        "/bb.b4199ddae8c24f16.svg",
        "/bd.62c0c62ea1d7b7ad.svg",
        "/bd.6eb8841e531cd31e.svg",
        "/be.21ef11a8a057b522.svg",
        "/be.b27202b75eb811ff.svg",
        "/bf.657cce953440663e.svg",
        "/bf.ca29f2f9d7e22445.svg",
        "/bg.2512f714cae7e8fa.jpg",
        "/bg.593302b705374ab3.svg",
        "/bg.6790dc7187f795f0.svg",
        "/bh.4ec9b1ef75b9fb84.svg",
        "/bh.c0677cf9c674541f.svg",
        "/bi.78415ef3fb2a693b.svg",
        "/bi.c940f6f3dd47a932.svg",
        "/bj.4438aa2b54ee8d81.svg",
        "/bj.ceb99a1d2bea436f.svg",
        "/bl.2ec2dbce33646ab9.svg",
        "/bl.dbf676a6112fbdff.svg",
        "/bm.07b2c41df376c264.svg",
        "/bm.60c8669fca61a54b.svg",
        "/bn.603486959ef2158b.svg",
        "/bn.c06375192dc03a7a.svg",
        "/bo.06a2a74ff60a88e2.svg",
        "/bo.f124dc298195b003.svg",
        "/bq.21ef373680da9d83.svg",
        "/bq.a5e60ded70b5c272.svg",
        "/br.2754adbcba46dfcd.svg",
        "/br.bd50b6dbd5780964.svg",
        "/bs.9034d6c0650bc751.svg",
        "/bs.f3d8e2e3e22ee390.svg",
        "/bt.104db5ec6a61de5d.svg",
        "/bt.3c63f37e7a60e51a.svg",
        "/bv.743ebe69d103598c.svg",
        "/bv.9508c008482c9707.svg",
        "/bw.5702ef8e57de5fd7.svg",
        "/bw.ba14cc9830dfcea2.svg",
        "/by.7aa21ae0fb27fb69.svg",
        "/by.875977195b35123b.svg",
        "/bz.7e248131500ad405.svg",
        "/bz.7fe418385f0abf6c.svg",
        "/ca.48b108f14c193dee.svg",
        "/ca.8b7ee60ccd1e1d07.svg",
        "/cc.4c1abeb2900d3d9b.svg",
        "/cc.c7f96368f54c5251.svg",
        "/cd.45b501cecfbdc15f.svg",
        "/cd.8039be9692176669.svg",
        "/cf.345f2925435a86e2.svg",
        "/cf.5ec799e0124f1de7.svg",
        "/cg.971494cef58986fa.svg",
        "/cg.9d375dfe5299d800.svg",
        "/ch.03351613ffb1fd74.svg",
        "/ch.4f91e497eebb044f.svg",
        "/chat-bg.a3882d1f8fecb2cf.jpg",
        "/ci.8cce402adc6a6254.svg",
        "/ci.bac87d4c22268d42.svg",
        "/ck.895bec3c3db1cbab.svg",
        "/ck.e7ddc34d2e022e9d.svg",
        "/cl.41f140252e7d355f.svg",
        "/cl.de1191bd71398f8d.svg",
        "/cm.ae17380b217341e0.svg",
        "/cm.dc83e440d48890cc.svg",
        "/cn.257e5eca0894f6f5.svg",
        "/cn.5a2ff21cb3bff9e0.svg",
        "/co.cab4c3c0621d2e9d.svg",
        "/co.ef41cb0132fdf271.svg",
        "/complete.46b80dbe61146264.png",
        "/cr.49302acc195b76ff.svg",
        "/cr.c4d90a0adb641fba.svg",
        "/cu.464a8981a7249eb5.svg",
        "/cu.c35c225e8c6be45b.svg",
        "/cv.1911ed09b3853ac4.svg",
        "/cv.a1d61c45ef8791eb.svg",
        "/cw.4847a2a5495cb4d3.svg",
        "/cw.c77c08d8a598a7c6.svg",
        "/cx.501a6f8d2ea10656.svg",
        "/cx.69150688135f6158.svg",
        "/cy.203afc294a5c3a04.svg",
        "/cy.b03d884a9ba44ade.svg",
        "/cz.bea30caf4ddc5d5e.svg",
        "/cz.ef321f09bcf908d8.svg",
        "/de.76778df6c150db60.svg",
        "/de.8a31d087bee31dca.svg",
        "/details_close.5cadfe4c397fdd59.png",
        "/details_open.d165c81e176a2e60.png",
        "/dj.24e06c8ee07be876.svg",
        "/dj.b7b49d7542126683.svg",
        "/dk.381ab4f6406d0b00.svg",
        "/dk.9f1264e9e478bde2.svg",
        "/dm.885b5d5b9d6453fc.svg",
        "/dm.f4651c22274134ca.svg",
        "/do.88f9db77bec19467.svg",
        "/do.f0f6136af960e982.svg",
        "/dz.57cd24f57e324855.svg",
        "/dz.a718ddccc769c7fd.svg",
        "/ec.6fd2f20e5fa05700.svg",
        "/ec.f9e921222f0022ed.svg",
        "/ee.052556c4627c55b7.svg",
        "/ee.31c378f608cd9b44.svg",
        "/eg.4f0db5c5f24dac67.svg",
        "/eg.5c961ec3a83808e5.svg",
        "/eh.0cc5a28c474ba209.svg",
        "/eh.856d56c3ba2ac4b1.svg",
        "/er.0c020fac0e5066c7.svg",
        "/er.6fcffceafab8a79d.svg",
        "/es-ct.17d5adb199c04a5d.svg",
        "/es-ct.8226b539f5f10c69.svg",
        "/es.3386b3c3b80c6f39.svg",
        "/es.bfc7e44d4ce5c0e2.svg",
        "/et.6400893eea07da52.svg",
        "/et.bc81afaef8c8975f.svg",
        "/eu.395663b662d123cf.svg",
        "/eu.aecfc43730baad2e.svg",
        "/fi.53c47dd478f270ee.svg",
        "/fi.eb53be0eccde9a34.svg",
        "/fj.0b85cc9989836ccd.svg",
        "/fj.16ee1527f60eb548.svg",
        "/fk.511db5a95bd4c394.svg",
        "/fk.908c6ad3d9d357d0.svg",
        "/fm.8f4f2186b476949f.svg",
        "/fm.eec1279be3841183.svg",
        "/fo.489a9cfd7a2674ec.svg",
        "/fo.9fb95b26771dc475.svg",
        "/fontawesome-webfont.263ad4e5760b3f71.woff2",
        "/fontawesome-webfont.4d7106362c96d859.svg",
        "/fontawesome-webfont.be578d115be007c4.ttf",
        "/fontawesome-webfont.f0bc7f41e7931cea.eot",
        "/fontawesome-webfont.f9f5fef431c65591.woff",
        "/fr.19db5307c5579971.svg",
        "/fr.bfb79ae2831521b6.svg",
        "/ga.44dac2dc0e679e5f.svg",
        "/ga.6e7678b902862e93.svg",
        "/gb-eng.04c306e187da5188.svg",
        "/gb-eng.0ee9161444aa594f.svg",
        "/gb-nir.9bb6865e9990d23c.svg",
        "/gb-nir.b6cc755ca4b24ca8.svg",
        "/gb-sct.f1d217462eb896be.svg",
        "/gb-sct.f860043d67921aba.svg",
        "/gb-wls.a90f1402453bc188.svg",
        "/gb-wls.d07463ad33f3ddfd.svg",
        "/gb.c1fe9fa143ad0be2.svg",
        "/gb.cbc326d7ce62ca4b.svg",
        "/gd.6079517b94ae9beb.svg",
        "/gd.c632c52f1e20717e.svg",
        "/ge.3f6e886081ff7226.svg",
        "/ge.e16b91bd95b7d0ba.svg",
        "/gf.07cd512e86206186.svg",
        "/gf.9d75b52637a1c313.svg",
        "/gg.5893fdcba322530d.svg",
        "/gg.d08ec1a403856e55.svg",
        "/gh.adae65f5239935bc.svg",
        "/gh.b0fac4b850b031b1.svg",
        "/gi.45460c9c831e0056.svg",
        "/gi.92e01707a39bc7cb.svg",
        "/gl.0a71abd9cc71f02c.svg",
        "/gl.0eea0af6a60751cb.svg",
        "/gm.1fbb9e494f96913d.svg",
        "/gm.6919cc799878f6c6.svg",
        "/gn.4feff5276baacdb4.svg",
        "/gn.d5b3a813d1560509.svg",
        "/gp.33fb9c8ffb38d895.svg",
        "/gp.d4431ffd0df87001.svg",
        "/gq.947ef83b6b4f1e40.svg",
        "/gq.e6eb1d25c7459561.svg",
        "/gr.5a08742078c1c337.svg",
        "/gr.e5284e10670de8fd.svg",
        "/gs.256b588bb3a016d3.svg",
        "/gs.b92356287f0a74f1.svg",
        "/gt.553b880760114792.svg",
        "/gt.6c2b476656f2f611.svg",
        "/gu.19b3a8c2ecf74898.svg",
        "/gu.b4209e0d21196c61.svg",
        "/gw.a87e8d17b5ddfeab.svg",
        "/gw.ee0103c018f110d4.svg",
        "/gy.8cad0108e9c2c878.svg",
        "/gy.cf0bceae1e0f5034.svg",
        "/hk.0430991199874905.svg",
        "/hk.bdbf6aa7588fd33c.svg",
        "/hm.c5895695784ecf67.svg",
        "/hm.f739a9fabd58594b.svg",
        "/hn.62bc8eb12105163e.svg",
        "/hn.d47d27d886fb0fc3.svg",
        "/hr.4cbdb5b3601c449b.svg",
        "/hr.60c77943e0b286b9.svg",
        "/ht.3bae223b972f88af.svg",
        "/ht.3bdcd31ffee1fa1b.svg",
        "/hu.2585e4e046275de2.svg",
        "/hu.88505335c2137b40.svg",
        "/icofont.061378415cb4ec3e.ttf",
        "/icofont.39522bee6b6d3d18.svg",
        "/icofont.7c4b6f735a3b3c3b.woff",
        "/icofont.deacb0506c6248c5.eot",
        "/id.08f036726c2e9333.svg",
        "/id.f1f01d4453ee2692.svg",
        "/ie.621819e970ec91e9.svg",
        "/ie.9859537ec8c5ce1a.svg",
        "/il.05ddfbfc1ce1ac71.svg",
        "/il.3387777cab3f0793.svg",
        "/im.3e038b997be0462b.svg",
        "/im.7393937fc1672465.svg",
        "/in.43c08213fa0aed31.svg",
        "/in.b1021f4ecf9fed12.svg",
        "/io.2ae3df0fc86dd77d.svg",
        "/io.fb75fb37c69366d9.svg",
        "/iq.376122cf3ef0a79c.svg",
        "/iq.df94a3ba24516d15.svg",
        "/ir.6f7f6e18af569a56.svg",
        "/ir.aa99f16b6dd643c8.svg",
        "/is.64cfc853a12f7c91.svg",
        "/is.b56b9d3ffb8ffd03.svg",
        "/it.416d3bbdddc08576.svg",
        "/it.9c5e932380ca0e2e.svg",
        "/je.a2ba3df5fa3578fc.svg",
        "/je.ca943d949f2de6ca.svg",
        "/jm.77dc1a52d9e527de.svg",
        "/jm.e04567493b3449d5.svg",
        "/jo.7dbcb8cde998f29a.svg",
        "/jo.c6ebb17343705bcf.svg",
        "/jp.ad610576480cb5d1.svg",
        "/jp.afdfcc95efba19bf.svg",
        "/ke.c81b8149586bd1ba.svg",
        "/ke.ccfc2c3fc7fe1ff0.svg",
        "/kg.d4c0259692612a02.svg",
        "/kg.f32f7512b36d6226.svg",
        "/kh.8da3a02a6057460e.svg",
        "/kh.ec6cba761d1df06d.svg",
        "/ki.2a0550b7e1cdaa81.svg",
        "/ki.6c61fd2a6dc032fc.svg",
        "/km.23acb6815b0b0c75.svg",
        "/km.eafe734b1140e007.svg",
        "/kn.619b368ca79da85a.svg",
        "/kn.c917c449fafe197c.svg",
        "/kp.3333b08db488211b.svg",
        "/kp.3f38a92f14745a50.svg",
        "/kr.15f4a33bdb9073ea.svg",
        "/kr.bcf001658fb9f7bd.svg",
        "/kw.24cd752da7ed0431.svg",
        "/kw.d1a41bb97dbd0056.svg",
        "/ky.62757fd39bb2cbf0.svg",
        "/ky.7c799aab95a42735.svg",
        "/kz.bfb8ee19c977b52f.svg",
        "/kz.c24eb345de97042d.svg",
        "/la.a0975dd35c1d343e.svg",
        "/la.e81632f3b236e4f0.svg",
        "/lb.995e6c891ef70a6e.svg",
        "/lb.ee5e1eb75a55a00e.svg",
        "/lc.44861c0e63cb2ddc.svg",
        "/lc.b441e4bc0153f765.svg",
        "/li.46327aaa8bb828d0.svg",
        "/li.a8e399651ee3fce1.svg",
        "/lk.468a4ea4037021da.svg",
        "/lk.94b7fd4ad65b6fc9.svg",
        "/lr.2e04337fd8c180d6.svg",
        "/lr.77763030f7ef3c9c.svg",
        "/ls.9475151eb9d87241.svg",
        "/ls.d96db9d11a3e4e8f.svg",
        "/lt.0723a6e255e7ba70.svg",
        "/lt.6bddef6dfeb1a2b4.svg",
        "/lu.207b4718cd6e5fdb.svg",
        "/lu.56e4d165932d0daf.svg",
        "/lv.d2c1fee087195d52.svg",
        "/lv.df4ef5959098f9b9.svg",
        "/ly.0917583b902869ba.svg",
        "/ly.8abf8b18b31bd3bb.svg",
        "/ma.0dd81df60d4990f0.svg",
        "/ma.fc2363a82959d371.svg",
        "/mc.44b4da6a8201cee2.svg",
        "/mc.e3fbb9724d057dbd.svg",
        "/md.2fa990d05362aa7c.svg",
        "/md.82355c7dc6b3961b.svg",
        "/me.6757da706821b76d.svg",
        "/me.a8e3a647d2ad3ed5.svg",
        "/mf.7fd458dc09cbfc56.svg",
        "/mf.c628a5986e7194fa.svg",
        "/mg.3d7f55d870a907ac.svg",
        "/mg.b74f3c44d5e8b681.svg",
        "/mh.1adbab2293c8030a.svg",
        "/mh.cc1014703a497733.svg",
        "/mk.638f00a04301b320.svg",
        "/mk.cd9355d6aa48ae20.svg",
        "/ml.2e432691945c62a5.svg",
        "/ml.fbbd018a4585ff37.svg",
        "/mm.4ec4c986a1240e2c.svg",
        "/mm.bfad3b0d9cb358cd.svg",
        "/mn.4c31ac86834ad0b2.svg",
        "/mn.f88f223a37234392.svg",
        "/mo.3842cb240e7d1614.svg",
        "/mo.a1aa10da09e06760.svg",
        "/mp.535065c611eece74.svg",
        "/mp.9bf7ebb92bf1fe61.svg",
        "/mq.0b6efe85c4ca4444.svg",
        "/mq.aa5575b79ff0bdd0.svg",
        "/mr.15e877678bc06ee3.svg",
        "/mr.49182eec2f4514ef.svg",
        "/ms.60f97dbdd229316a.svg",
        "/ms.f45380bd75e454db.svg",
        "/mt.4fa3102b16150f74.svg",
        "/mt.630444d788dc2c75.svg",
        "/mu.5092308e23015c4f.svg",
        "/mu.da7b183da0f3f264.svg",
        "/mv.ad8f514842e58f58.svg",
        "/mv.f4256eba7cc511a4.svg",
        "/mw.15b03229eb7848e8.svg",
        "/mw.6c6d1b9a8aa6a5ee.svg",
        "/mx.db57870222a1a4a9.svg",
        "/mx.ea6d5a216e9aa2f8.svg",
        "/my.25cdc7659d5cd42e.svg",
        "/my.804162ad2c823dba.svg",
        "/mz.67d51886fab5845d.svg",
        "/mz.b7e9843f6383a4cb.svg",
        "/na.9e18580e53e2f719.svg",
        "/na.c9f7dcb1c270ca50.svg",
        "/nc.98d2be965d9aa7a6.svg",
        "/nc.c90a5cc686d3dd10.svg",
        "/ne.21e541d555496f8d.svg",
        "/ne.43bd355e660b66b5.svg",
        "/nf.080e376020744ef0.svg",
        "/nf.646b148888fbe24f.svg",
        "/ng.5a610f674f6c14c4.svg",
        "/ng.75391d5e2163d0ee.svg",
        "/ni.8762e8019cbd1d5e.svg",
        "/ni.b32ecac2fda9ad11.svg",
        "/nl.686f8d0d2c6f0579.svg",
        "/nl.6d9710ce4212b79d.svg",
        "/no.319602adeaaf21d0.svg",
        "/no.a077e7cdcc7ee1e0.svg",
        "/np.8ff701e4bc2bf1e1.svg",
        "/np.b85f225c6f722fc4.svg",
        "/nr.288d86b42a53f515.svg",
        "/nr.3fe494ac85322998.svg",
        "/nu.888152de3ce9f27c.svg",
        "/nu.c83eb2998a24e191.svg",
        "/nz.2848e4096cb0c93d.svg",
        "/nz.b0d75b06c0e981ae.svg",
        "/om.1b488193c0fc41ef.svg",
        "/om.d0baa30442265498.svg",
        "/pa.1d5f959eea04a431.svg",
        "/pa.3bd5b13c2b3ffc17.svg",
        "/pattern1.7bbdcab1f6366668.png",
        "/pattern2.15826efde83c4900.png",
        "/pattern3.c9699a33cd50690f.png",
        "/pattern4.7e1ddd1c2df298da.png",
        "/pattern5.1dc720fd56ac0759.png",
        "/pattern6.06ab9d8e29037a38.png",
        "/pattern7.1527333e7e017c0f.png",
        "/pattern8.d9cbdf8fc7000f51.png",
        "/pattern9.b96db4d2c7aab062.png",
        "/pe.29149bb293f18eb5.svg",
        "/pe.6025148038f2c5c5.svg",
        "/pf.0163babc2a53b2d4.svg",
        "/pf.b1c9bc2df0cfe6a6.svg",
        "/pg.74217e053de00a3c.svg",
        "/pg.f57579a1fd131613.svg",
        "/ph.a22f36f633c1119e.svg",
        "/ph.c7fc819bfa233d3b.svg",
        "/pk.0735bba0fe93efc8.svg",
        "/pk.7e5ca2c1677666e6.svg",
        "/pl.883ac77bf36129f5.svg",
        "/pl.ca2e90ae1dfa0b50.svg",
        "/pm.09d4ce2afab9de4a.svg",
        "/pm.706eca4e8dd2e215.svg",
        "/pn.a2a68c231ca09103.svg",
        "/pn.cff7188696296965.svg",
        "/pr.9b77a88e80c885a1.svg",
        "/pr.ce3b949fdf7042f8.svg",
        "/ps.1940389500cc02d1.svg",
        "/ps.7b2afa2323d9b519.svg",
        "/pt.3bb89713f66b0fbe.svg",
        "/pt.7fd2421a10e95bd5.svg",
        "/pw.74e24ccbc89d0ecd.svg",
        "/pw.a7b4a8178f9a812a.svg",
        "/py.0499158f4c878891.svg",
        "/py.af88c9d28cb68b1c.svg",
        "/qa.58cc33e973903427.svg",
        "/qa.c941de386e43d7a5.svg",
        "/re.9fe8513efdefb28c.svg",
        "/re.bad64df81989092a.svg",
        "/ro.b07c2442faba2344.svg",
        "/ro.c478514232c8d799.svg",
        "/rs.016b3d882120f349.svg",
        "/rs.cf30812acf9d5e8f.svg",
        "/ru.67454c8e387c2114.svg",
        "/ru.f11e4d9ed9ff053a.svg",
        "/rw.7b9966b6bb6fe414.svg",
        "/rw.ea2498ef6e083735.svg",
        "/sa.090e035b5f4f1cfc.svg",
        "/sa.fbd182d436d2eac8.svg",
        "/sb.03e89be03a213ecd.svg",
        "/sb.a96cd677a26d3d65.svg",
        "/sc.8326262602b995b5.svg",
        "/sc.85d62a7894e1bb4a.svg",
        "/sd.33caf10e40e9d26e.svg",
        "/sd.9d9caff09b299718.svg",
        "/se.c7ae7d302dc6f93b.svg",
        "/se.f5e6ca17c9b7fb71.svg",
        "/sg.35fcf83c8eb799e1.svg",
        "/sg.b5a642e46dee6e49.svg",
        "/sh.080ace34e98af78e.svg",
        "/sh.4566882d85753aa4.svg",
        "/shape1.e0729b730d3264ef.svg",
        "/si.29b2f4066dcfa36d.svg",
        "/si.53613e7ba1f93c20.svg",
        "/sj.3b21beb0fa7b0f08.svg",
        "/sj.782dbf8210499d54.svg",
        "/sk.4cbceaee086eb560.svg",
        "/sk.b16e941525872eb0.svg",
        "/sl.a49f5b301945d22d.svg",
        "/sl.dea8a8e3c95ac1ab.svg",
        "/sm.0e7fd8d3d0ac5b85.svg",
        "/sm.25f73fe5518dc1a3.svg",
        "/sn.3168e18253240d10.svg",
        "/sn.dc25ea9d245a67c1.svg",
        "/so.6c3ad4dccb8842ed.svg",
        "/so.86c6806c80c4a908.svg",
        "/sr.f5e24e1c9eb624b5.svg",
        "/sr.fdea8ef9a839b671.svg",
        "/ss.27c6550f90daf03c.svg",
        "/ss.e10d675cec73786d.svg",
        "/st.bcc82ec751f9bd78.svg",
        "/st.dd908568ac210a08.svg",
        "/sv.9424da0c600946f3.svg",
        "/sv.ed95aff6bb081235.svg",
        "/sx.187aa0f0619fd421.svg",
        "/sx.3e58f0e0db564a10.svg",
        "/sy.2c7f57924f87072a.svg",
        "/sy.9f5b7863264631fd.svg",
        "/sz.9a279dbbdb65ed5e.svg",
        "/sz.d4e37c929806d061.svg",
        "/tc.26c10e7f16df4ea6.svg",
        "/tc.ce61884d15767691.svg",
        "/td.de9e8e318d039267.svg",
        "/td.ea3e9f70d9eef951.svg",
        "/tf.66e96b39d116e97f.svg",
        "/tf.e9a00f9aa011139a.svg",
        "/tg.d2c584a2b539a498.svg",
        "/tg.fe8a850ca92381f1.svg",
        "/th.511c9f982d1c8749.svg",
        "/th.d2e9673a20649f9f.svg",
        "/themify.0504804445e9a55f.eot",
        "/themify.2ceff4429e43e15d.svg",
        "/themify.58ecddba064e63f7.woff",
        "/themify.6cb5a30a9518fb87.ttf",
        "/tj.be65014a873ee399.svg",
        "/tj.e8f0e92a4ef7e2ad.svg",
        "/tk.30fbd9de034a7cfe.svg",
        "/tk.5f29e65fc8cd7938.svg",
        "/tl.3063fdd64742c5d0.svg",
        "/tl.ef0f2cbbbd948f61.svg",
        "/tm.265080f0cca5fa06.svg",
        "/tm.be7d9f5666fa2cb9.svg",
        "/tn.30fc3c0d24f19f8d.svg",
        "/tn.463af4f4db0b259b.svg",
        "/to.0c189a701557c786.svg",
        "/to.16ae324599c3ab02.svg",
        "/tooltip1.99de1d165e871a7a.svg",
        "/tr.51bd6d833f47a590.svg",
        "/tr.f1130df240266458.svg",
        "/tt.620b07e914103f4b.svg",
        "/tt.aca3686383a3e99f.svg",
        "/tv.1f4f7eebb3005992.svg",
        "/tv.84bc34aaf1482dc5.svg",
        "/tw.22b9941622fa6979.svg",
        "/tw.74399a032f9ee00b.svg",
        "/tz.507de254a3f2fa4f.svg",
        "/tz.b1e17c7817a92229.svg",
        "/ua.133a885fe0c292f5.svg",
        "/ua.de6cb4ba87b5f840.svg",
        "/ug.539c79c50829b897.svg",
        "/ug.ab539df86b96cd34.svg",
        "/um.2fe32df00fd0496a.svg",
        "/um.c0ad4f0f656db41b.svg",
        "/un.7c06a0ad19221b6c.svg",
        "/un.d3cd573f9e85bddb.svg",
        "/us.049f6060b5de3591.svg",
        "/us.5165cb74899e3817.svg",
        "/uy.3a1891821f9cc592.svg",
        "/uy.ce596d4643a05c0f.svg",
        "/uz.a819896bde0fd1f0.svg",
        "/uz.eea237174a7ddcec.svg",
        "/va.b69a59b78433b6ed.svg",
        "/va.bbff4ab6bd882286.svg",
        "/vc.3399bdf229c33a0d.svg",
        "/vc.d5c662310fdca8b1.svg",
        "/ve.113faee5a7fa2843.svg",
        "/ve.9f018fa645444a32.svg",
        "/vg.5273d0e2a49f9a22.svg",
        "/vg.9d3f511c670c6413.svg",
        "/vi.9d564821e3c696be.svg",
        "/vi.ab4de26de78dc78a.svg",
        "/vn.0689f297b48bcdd5.svg",
        "/vn.f4201868143b245b.svg",
        "/vu.7009bbba570e524e.svg",
        "/vu.c536ae52f586410d.svg",
        "/wf.3e818b6b4247e821.svg",
        "/wf.efac5681de44e9a4.svg",
        "/ws.1ab6e33cada9d1b5.svg",
        "/ws.5b7bda3983035bd0.svg",
        "/ye.705dc3b81860c910.svg",
        "/ye.b630596d5771d289.svg",
        "/yt.72588063f5070295.svg",
        "/yt.dc667f7d0325904a.svg",
        "/za.d2903c61e0e84f67.svg",
        "/za.e335ef80518ec88f.svg",
        "/zm.5a9a8276dc4403c4.svg",
        "/zm.663b19d39aa9f994.svg",
        "/zw.004126673c110271.svg",
        "/zw.87199751b932ac1c.svg"
      ],
      "patterns": []
    }
  ],
  "dataGroups": [],
  "hashTable": {
    "/1053.e86ebdbbb675c745.js": "8cfaf5129475eb9e10d786bd0addd5bb03fed1f1",
    "/1077.b7a557e72caef240.js": "5eb5884eb1ffedcff23345874a05765397474a36",
    "/126.9bc3c502011de729.js": "8316dff0df57c2da7b30816fe9a376fe5c4fc570",
    "/1324.3b6219a05d09c2ff.js": "5fad1626be0c5d11a1de8c239d1c7ed135119c82",
    "/1659.a8e18d4cde6e8203.js": "3be7e14bd0b055de0fbda7b18b88bbba288fb6bc",
    "/1686.ad805757af012e42.js": "0e423144c94d2233461925ef17b401d371404083",
    "/2160.0ab6dbeb04cb767b.js": "761b47ea8ea7348a5bd84c44d36d1c9468d4ba5c",
    "/217.1b83956bb99ddd3e.js": "7ba50ebb47c556e103067dc975dc6bbf51ee32c7",
    "/2278.4c925685fd308fdb.js": "98ecbe10a8ce2b955f575b13251a00d1090d836a",
    "/246.928cdefed09f19d6.js": "ec53a929a21f4ee35f94f445afc817f2be430928",
    "/2634.dbec1f87e0b21a5a.js": "00c0bda14be8a8eac0e217c048f771da3a20b16a",
    "/3261.815d75442e2981e2.js": "768c514cd6e2b27b9d812e9461e0ef8a6f6c79da",
    "/3762.2137f7998f043d02.js": "b8956db8b85c3702065ff14adfef3add3c83b59c",
    "/4238.0633c8ee508f91b7.js": "5e3620710e67f59dc723d45dd9510bf70dff2717",
    "/4368.b493caf34b1065b9.js": "4425114cb27ec1ec437ae528da5c37408e2bbfcb",
    "/4558.91343027ebf6a0bc.js": "256aa58307a9f0d3fe28687d8ce2628841b03eba",
    "/464.4a8549720183ac6a.js": "350305565f619b5e4b29a463e1b5cc5b0b88fdce",
    "/4820.d1d192dda71bf8b2.js": "c69a96263200cd5a233a9ac933701589ca4c778b",
    "/535.2b27adc934f3fd6c.js": "f644140f23307dc3cb990f4d470c098dde7f8187",
    "/5418.be91c323dc98d5b3.js": "c5d2dd0cd72b018fbf6d24a5519994c5a9285544",
    "/5439.11797358b9aae820.js": "889445b3c85081bd15935bf29f64843d529d339d",
    "/5712.a8bcf7d1b6b56f7c.js": "1399dc1876a0e9e504a81696ba881ffe349ea8e0",
    "/5795.a43fb5504c656205.js": "55ac7645687ffec29cb8800d41a868ff97b523c5",
    "/5908.28e2b9a8e7bfc7a6.js": "6ddc6f5da352776c1971f965863c8cb800bdbd50",
    "/609.6f63c63ba1d38929.js": "e6ca405d31c5e3d4f5a6074489c55655d45b5a18",
    "/6190.406519484d11e0d5.js": "a3450b6ea9fe039467fe54d1dc4433a8a33aa15c",
    "/6263.ef5b3771c1be7911.js": "fb0b7d516494708d5358df146e28ddb3ce85286a",
    "/6293.7ad45700e57b81fb.js": "a7851c4312c34ae4e1cf877fd8cb589c6c23abd4",
    "/6442.7486daff6e5df2aa.js": "4de72627aed4dd9baaf64df64f78a55d40a1aa3c",
    "/6484.cdb25ffddb382475.js": "7a4a27d63cd538c97f888677cb5b38c3463ccdb3",
    "/6636.c401e01586e3155f.js": "e3840f443e09a7fee23b9ddc20f712db843fab2c",
    "/6715.48b2b64709bcb5a0.js": "82570a112201dde1a7c4b616cbe52985a2e32a3f",
    "/6797.1ab4e0746a2292bf.js": "20bcb6af1d9849348649fc0588db474c7885a0c9",
    "/6850.74f91adb69537ac4.js": "631679589499b4dc3cc25aad337a3240e0bd7d48",
    "/7066.311a05490ab92f80.js": "9f5e786eba49db73eeef5adc082d9e4e717401ab",
    "/7117.2741217fdf872348.js": "0ddd0bb140615b80e564f01c06f17ca1529bfd7e",
    "/7211.c9ef565c13f6ef49.js": "aa0484e7d6473f390c2a711827929625545822e4",
    "/7348.ad999c308033fdff.js": "6626d74b84b8051e566902ad715ee44b94cf598c",
    "/7458.03982e4ed2ef6a93.js": "315498beaf479225a7aa236c3ea871d243094fd5",
    "/7657.3f5043e751f909b1.js": "0e087f989ffb1a7143e5b19437cf8d868a562cd5",
    "/7937.acfce5954ef6e7a3.js": "7ad3af1eca54892b012d870a72d8aa62131531e5",
    "/7957.e703cf917e5bb167.js": "9796713ce005e4af62d5f69b296f9409b75ee84e",
    "/8301.58d9fdd1dacaa838.js": "8a202d8104b8bb8ae685a965c76b82d9a2a4ed82",
    "/8421.9dcfe38b0f035950.js": "8689f865a90da975e5d13d73fcada88bb5294fad",
    "/857.a3f2ee6d5d7f076e.js": "d3f4c3c5f02d166c97b961ff0d3f4b4bb8549abc",
    "/8712.1b8d1d2087a3eaa8.js": "4c8a5c62581aa048ff441a521216a5cd35073cf9",
    "/8862.ee8b3a6e887636dc.js": "e4353d820cea7746d74bc0dee8d7fe33c959821b",
    "/9055.4172b0ae65c23893.js": "805253ea5e3d97eebe2e4328f48d2c2b51af723d",
    "/9363.94aa74608a283490.js": "979ec2a9892e46d69871c1202111cce6d1a3e047",
    "/9427.c0214b4e921560f3.js": "56f131da3efd23e593e3203c744f20da9c302a4f",
    "/9470.d1c4a41d5dac8829.js": "91586e39eedc6ed739e3dcb450bf70d6f0d00b2f",
    "/9579.a09bf68074dcca86.js": "581e18e528842f1451d2735c3fd2acf63886c45b",
    "/9607.4f77a4bce9c57b72.js": "cb440a8a57fbc767da33b434eac590f1ef5b9b55",
    "/9617.1a6206b9f2f1c46e.js": "73aca25903842a68d1616d22531210e6d6675ed1",
    "/9898.b23c7bbd746cdb49.js": "249f89ce97305581d7417f556717cda9eb6ccfc6",
    "/Simple-Line-Icons.52d717ba24b0987a.svg": "93e3574bb08f08951cb425ad98f7786ddc9a0ef7",
    "/Simple-Line-Icons.5689ee571bc3ae7f.woff2": "5da603104d4d6e362824ec9e7db32eb2d617949a",
    "/Simple-Line-Icons.85169f9d8957e2e5.woff": "ddd21189de779f161634ddf307a0e1ebe30318ca",
    "/Simple-Line-Icons.c12706c1c29891ed.ttf": "9ffb81a5a11112e292f2cc323e98486bad597599",
    "/Simple-Line-Icons.eaf4ee541957b80f.eot": "ac66184202b5478e0b60305e19dc6de385b84bb5",
    "/ad.395509dd21ce9922.svg": "260c93da0ba2348fe7fb4d0715b1351c3443e6a4",
    "/ad.975b11c6fb991a84.svg": "49e6455ad639f6e0e64b2845e17112ea22aee605",
    "/ae.8fa2008feacc77c0.svg": "7ad46967a529279c71985eca8c61ee5585bc2340",
    "/ae.be0ab27956aae11d.svg": "ed1538645947dcf38e7f3e603e5d01739460d796",
    "/af.0f87410c443d568d.svg": "2d5ba995a454e6ecfd7695bff4ebdb9d63895762",
    "/af.aef935474533bffd.svg": "b26bee4b3afba79ada53da60d9f6d6825d9ce5ad",
    "/ag.e0b9d04780c2e161.svg": "97bb98648430b73ef5f45cacf02f519962c72492",
    "/ag.ef1d136fdb1091e2.svg": "0a1ce96b8a954d99151611ecc3f42a9f7944ce63",
    "/ai.09bd30f34c4cc6a0.svg": "5c9467ec8c1bac1c543357bab736bea3d370cd18",
    "/ai.aaf0ff48c6b12c60.svg": "5558bd3ad9eb72ac41dada8480673a39d625476b",
    "/al.02cbf9de8180d822.svg": "f88f30e2996aed709362b27d67551a76130e7213",
    "/al.249e98714d060929.svg": "219b16ae2bf1fe5fb437a9b9bef5b64019ab303a",
    "/am.068ba2069eda32bd.svg": "174673c957e966fd4e88234b31a0f8d87707d2e3",
    "/am.4f9147117c0fda3d.svg": "96a0493cdbb93c99d0122180f90f2bc76db29139",
    "/ao.7586701f67ff9cfb.svg": "81ede2af4c4d326f051cd54b8ac3234219eb952d",
    "/ao.88adec9fde660823.svg": "8154a6e7a3c48ce3f629b7ab0a8bc6faaf498126",
    "/aq.43c7b7f576953df5.svg": "e37d54c27ad592531da575fdc4531058dbf2ce30",
    "/aq.87e49ee0d3b5ae25.svg": "4dd0baa355615fe0446f5bca9fe06c33ecf25349",
    "/ar.2933b34068fcd33b.svg": "aa310fff472a257443661deed90ae8d3ce1fc0c2",
    "/ar.ab8faf6fc7d42d42.svg": "d058fde16ab8a899a3453372615fadddfddb25ab",
    "/as.0d5e1494262b8512.svg": "a1096a2013d43c0790e7aa8571492e8a573b8d98",
    "/as.13c4ff813c4dc9ba.svg": "5b2e778efda5afc70c4a360fa452d483edcc5223",
    "/assets/big.png": "46a2aa02d30060efd91ad4aa79907f3a71ed4437",
    "/assets/css/animate.scss": "b6fd60d18ef742ea5f6979df0cddb35791c4fbe5",
    "/assets/css/custom.scss": "fcefaf597a12782672c71f5141ee759e0702b4c3",
    "/assets/css/google-fonts.css": "59de60852ab6da2d1b2aff53365038401ec9ca8c",
    "/assets/data/wilayats.json": "08bb9617fc42b5d7876a413ad1c6195a9413d8d5",
    "/assets/en.png": "e4a194b3da74631302c2f1508421871755fe4276",
    "/assets/i18n/en.json": "d0f3309024ffc677083a54fea4bf1e9e764f0abd",
    "/assets/i18n/spanish.json": "257a963127b0a59951327b84de1ce74d78d31bef",
    "/assets/icon.png": "95c8e3671ec9aaaab6aa110b0c9a1abf7e060c72",
    "/assets/icon/ico-fonts/css/icofont.css": "033fdf33f14b2496c9e004a0ccfdbfd66b2925d5",
    "/assets/icon/ico-fonts/fonts/icofont.eot": "e4b400e65eff43142e28967f00a7a0834a6af075",
    "/assets/icon/ico-fonts/fonts/icofont.svg": "a3fa5c709bcc058908502c0686db32ba072861b0",
    "/assets/icon/ico-fonts/fonts/icofont.ttf": "595227873a85bd09fe737316b4853fe8373f784a",
    "/assets/icon/ico-fonts/fonts/icofont.woff": "e9999ef556b4646c00f49dd67ce86349a7a598b5",
    "/assets/icon/icofont/css/icofont.css": "ba4573e7ac5874000a81175bf2150466a07136bf",
    "/assets/icon/icofont/fonts/icofont.eot": "e4b400e65eff43142e28967f00a7a0834a6af075",
    "/assets/icon/icofont/fonts/icofont.svg": "a3fa5c709bcc058908502c0686db32ba072861b0",
    "/assets/icon/icofont/fonts/icofont.ttf": "595227873a85bd09fe737316b4853fe8373f784a",
    "/assets/icon/icofont/fonts/icofont.woff": "e9999ef556b4646c00f49dd67ce86349a7a598b5",
    "/assets/icons/icon-128x128.png": "420cb95a1481d6dd2bf74f5fadf24e793e5460a7",
    "/assets/icons/icon-144x144.png": "f14ad6a03d6ed96ea42065df5eb3f63c7d538445",
    "/assets/icons/icon-152x152.png": "11227c39c98ba91b254bab69d12e38cf1bef658b",
    "/assets/icons/icon-192x192.png": "2235c0f72777dcd0c991a136fdbc176036fccf6b",
    "/assets/icons/icon-384x384.png": "e873ebf138b67b9a524d478ab4a924fbf5d039c1",
    "/assets/icons/icon-512x512.png": "06400255bff2e8adf4f835fd21801e50a0e3a718",
    "/assets/icons/icon-72x72.png": "d0b489f878dec87f6b60426649360af81604ace2",
    "/assets/icons/icon-96x96.png": "eec2bae90e59b45a7a101c07d18b31d90ddf43cc",
    "/assets/images/auth/Logo-small-bottom.png": "7136dcdfeac192a5ccd1ba73d7e12becbd849e81",
    "/assets/images/auth/big.png": "46a2aa02d30060efd91ad4aa79907f3a71ed4437",
    "/assets/images/auth/logo.png": "a76c25bc9599299c52b90c9e7e2cd79afc39a015",
    "/assets/images/avatar-1.jpg": "a2aaae5b0d35e9ae49e6825dd501cde6889fe30e",
    "/assets/images/avatar-1.png": "6422f77d3bc69fae29efefa14f7aeda3a7d878bb",
    "/assets/images/avatar-2.png": "1730a191facbf975ec2505ac4cbaf4c54e4b2925",
    "/assets/images/avatar-3.png": "fba8e166374a4b179e298bac3141a23c71e71fca",
    "/assets/images/avatar-4.png": "e350303f4a2e49e7606ba3b37d348faebee26f8e",
    "/assets/images/avatar-5.png": "7f6bce8fe3e7b83f829e94de86c545386bebfaab",
    "/assets/images/avatar.jpg": "60c7403a0367fecca7a803a7223cf55119a31895",
    "/assets/images/bg.jpg": "f064281b1ffd5671c67d6288c127dbb2c8ee18a2",
    "/assets/images/chat-bg.jpg": "c7091656d640bcf1239a0baa36bc33570de2a75c",
    "/assets/images/complete.png": "db9c0ace33840e8a0bfb57809951b86d2e77305a",
    "/assets/images/details_close.png": "221e1180b6137825cf1d8bddaf41586770b47ced",
    "/assets/images/details_open.png": "6c745b6b96c2611e7fa5716e6ea83be771fa4735",
    "/assets/images/logo-blue.png": "57355e552e64571df2936ff2034cdae6c027ac3d",
    "/assets/images/logo.png": "4a5e929b949d9e1165f3f80fc6ca99be947cc9b2",
    "/assets/images/oval.svg": "10f2025f5aa96706cc81e050eadfcaa9bcc55af5",
    "/assets/images/pattern1.png": "4e22daf5c748486ca0b5bd6d88e4f2b33423938d",
    "/assets/images/pattern2.png": "cb0316cd37130ff1873d078190142aa9ea116e71",
    "/assets/images/pattern3.png": "9c7fc7ffbc53562bd22a5580b4245cafb0a68ee8",
    "/assets/images/pattern4.png": "adbcba09eeb9f9883f1354a3827ebb0f2765c810",
    "/assets/images/pattern5.png": "b77e4a46fe26b435a4d8b067a02418c4eabddf88",
    "/assets/images/pattern6.png": "5d6e3294c066449763374886a5813350a00adccd",
    "/assets/images/pattern7.png": "d7c62f1c3adc8eff9557100243105c75f19ae685",
    "/assets/images/pattern8.png": "af515e2abdf6ab119eead1d274e0a6c56dc35386",
    "/assets/images/pattern9.png": "5aadc2c3e2a1f40ddec8b7e97eebdec036a5f531",
    "/assets/images/select-arrow.png": "48995c50303654775add74457abf6bd9eafaea8d",
    "/assets/images/tooltip/Euclid.png": "7d1924b91f2091358d42ab3cdd8657cb71d45f52",
    "/assets/images/tooltip/shape1.svg": "1c93b22724275726b11c98eeea8a6fd3d4b1b5f0",
    "/assets/images/tooltip/tooltip1.svg": "314382eed0890d50beaa9af2d7c53314253bd126",
    "/assets/images/user.png": "6422f77d3bc69fae29efefa14f7aeda3a7d878bb",
    "/assets/logo-white.png": "6ed178dbb24dfae08f2a2c7c50ee237af72dc251",
    "/assets/logo.png": "46a2aa02d30060efd91ad4aa79907f3a71ed4437",
    "/assets/pages/treeview/icon-tree.png": "c693c8c2437814c25b490fb26d5c807fad428ba0",
    "/assets/pages/treeview/jquery.tree.js": "e5fbda2929b19d235d73656abed96c409c4bb225",
    "/assets/pages/treeview/throbber.gif": "a639fa10ac0eb53da7d6c95cba74c9d63466f4d2",
    "/assets/pages/treeview/treeview.css": "96582f504dbfad0e9aef2361c9523bd3ec172a17",
    "/assets/spanish.png": "43c4ef7928ebea36d1abcbb01263278c1aa52d1e",
    "/assets/vfs_fonts.js": "576804bac7f7fe7b5d08dd1e6b9c052e50801322",
    "/at.60412645e224641b.svg": "5754a0e5b8bec5383c13a2b0aca47c51988cb68a",
    "/at.f40011c2df3659e0.svg": "f46f53f017e4edab1bbf5e3103ed6050e7745d1e",
    "/au.810f4f5f0f52e636.svg": "a18cc12765613024d8004a2d87541f537fc5955c",
    "/au.c06e26363200177a.svg": "d164bc747ad4314a8a7a440ffecd75adc5ac268a",
    "/aw.a021d3c21427d643.svg": "fbc65a74f0a844828765f072fe85df2c35d37b2a",
    "/aw.c10ba383725be0a8.svg": "c41fe7592d19b3c5d1001a3c99f397309e168b7a",
    "/ax.7e45de545541802b.svg": "2a6d2920c4191b2885907941fcafa368e2d28460",
    "/ax.c4a1fd8f5275be17.svg": "9fa5a4f3e1009bcf3c351f5f9a4edc0e29da936d",
    "/az.0ca73fc01c193afb.svg": "5e15fd40c22fd83f7f7fbe48d3d717e81c669048",
    "/az.a44dffe34db858b2.svg": "85e9d7832a69e4987d3aa03cf148ef0cf2b5aec1",
    "/ba.1bfe67081f2b9c5b.svg": "ebc86e08227a65b198f0398f4c57a05d8a5febc3",
    "/ba.f64979dd42950319.svg": "219bf78a2fa8f0c95c2dc3a3f5974bdf437734ed",
    "/bb.7983914cd09d9370.svg": "f5ab55c10b8a1f2d5bfaf65f8c8e5a12e4f9eff4",
    "/bb.b4199ddae8c24f16.svg": "7cbb1432a41cce0777b1cb9658022ed094aa3bd1",
    "/bd.62c0c62ea1d7b7ad.svg": "ed8fd37817edb0106995b0476161e62360aaff6c",
    "/bd.6eb8841e531cd31e.svg": "06be5f2bbec32db35f3ee97b6f84366033af3acc",
    "/be.21ef11a8a057b522.svg": "f35debab1874ba921bc18d6b75a8468116d48913",
    "/be.b27202b75eb811ff.svg": "2209246f5d51ed22af5d77507acb5c21f3bc0574",
    "/bf.657cce953440663e.svg": "e7fafac061ab4139876492274e474ca78f6c7813",
    "/bf.ca29f2f9d7e22445.svg": "e177c724a0c563953ea96e36c3ddf84c94faee4d",
    "/bg.2512f714cae7e8fa.jpg": "f064281b1ffd5671c67d6288c127dbb2c8ee18a2",
    "/bg.593302b705374ab3.svg": "ed2427090b68a7a15bb56138a6cbe2e3f72c2d2e",
    "/bg.6790dc7187f795f0.svg": "6b9f117a4087da7af18c87783e06e3fd23ce8848",
    "/bh.4ec9b1ef75b9fb84.svg": "7b09fe82ff2ef0ce509f47fe4684402d7901c365",
    "/bh.c0677cf9c674541f.svg": "d4f7ed9491921443b16a6748377ed46b661b8087",
    "/bi.78415ef3fb2a693b.svg": "5e13875d464581a60416978f2603db0d26a78206",
    "/bi.c940f6f3dd47a932.svg": "defd3b44a7d9fd48b1c96f6d18ded6009e64f6d7",
    "/bj.4438aa2b54ee8d81.svg": "51ac699b617383dcde2d869d86c08d1adcf143eb",
    "/bj.ceb99a1d2bea436f.svg": "0251a598594ae2b5c4dc30bc1f6653fec85558a9",
    "/bl.2ec2dbce33646ab9.svg": "4e652931f87b0e9c6633f95b1479f3c221cbf174",
    "/bl.dbf676a6112fbdff.svg": "05ec7e2e373a45e68664cd779070ed5beeb460be",
    "/bm.07b2c41df376c264.svg": "70594c6b71023deae5786d43f34a44e11c94b448",
    "/bm.60c8669fca61a54b.svg": "f2c1a0afbfc3bc0a8a37cb872078b268c914b4de",
    "/bn.603486959ef2158b.svg": "6298b79b49c528b0d1f8bb42901fedda6d0bf18b",
    "/bn.c06375192dc03a7a.svg": "ce047cc719bc0f563027f683bab3d436284be338",
    "/bo.06a2a74ff60a88e2.svg": "2d25d53d3b2e44d2dd19661ebd32e1d48877e3b8",
    "/bo.f124dc298195b003.svg": "c7b829018edd0f649f2c060c05f22c03add00e66",
    "/bq.21ef373680da9d83.svg": "97958d0edbd65e460f4772c0f4a28fd231ef5dea",
    "/bq.a5e60ded70b5c272.svg": "208f114bc2adfab5eb306a82d4e9d4eb9efd5280",
    "/br.2754adbcba46dfcd.svg": "72dfed97d94fba3ba5249f952122ceb24b2c5d1d",
    "/br.bd50b6dbd5780964.svg": "409221ddeab9bf087a125d88564be8af95e73dec",
    "/bs.9034d6c0650bc751.svg": "b5eedfb9b8f151069874e88008c0c7837b4bc6d7",
    "/bs.f3d8e2e3e22ee390.svg": "3b8b557d3b6d43e31ffbf6b9f0f80627431e09cb",
    "/bt.104db5ec6a61de5d.svg": "c382820c9e5afd65438028f57fb7c8084829ddad",
    "/bt.3c63f37e7a60e51a.svg": "6412f201d44863a8c0ea1c285bda2edb21f8469b",
    "/bv.743ebe69d103598c.svg": "e40a02bd820648cbdbd21f575a28cc5bed53c709",
    "/bv.9508c008482c9707.svg": "cc85c7be200cfd8f9152975416605190c4606446",
    "/bw.5702ef8e57de5fd7.svg": "b29b42bb8fadc7c479e40bc5506fe51337b8495c",
    "/bw.ba14cc9830dfcea2.svg": "1a7b4ce91298afeb0610063bd11f87613a161443",
    "/by.7aa21ae0fb27fb69.svg": "322563fa2f0e3a5c5e7f10bdb0aaf975ee371bca",
    "/by.875977195b35123b.svg": "687dba83b48b6bcd1d4e720ffb8f9753e16684c4",
    "/bz.7e248131500ad405.svg": "756092ea1d6080a5aa11619ae72f8949e869bf0c",
    "/bz.7fe418385f0abf6c.svg": "d397d0079c895fc169b671e5264482b9f56245f1",
    "/ca.48b108f14c193dee.svg": "20c46804e5a2c256e008259595cc179a8a5df6b7",
    "/ca.8b7ee60ccd1e1d07.svg": "97e942adc479d7bbdbfa7c7acff745d1bbfb1cd1",
    "/cc.4c1abeb2900d3d9b.svg": "5ff481efad66e27b209304cd292a578d8b6fb2bf",
    "/cc.c7f96368f54c5251.svg": "24ff65459bc7b7bb56650139f7141fd991c6a485",
    "/cd.45b501cecfbdc15f.svg": "491714f51a0da97ee15987589f05d7edc10316cb",
    "/cd.8039be9692176669.svg": "d373684ee0b6894d433ee81048f56aaa9ef8ec56",
    "/cf.345f2925435a86e2.svg": "dee2ef65b86e18ee8e69945b4b3e6f1806d7be8f",
    "/cf.5ec799e0124f1de7.svg": "7e49b1431c3a0927fecc30bbfa15eedfd2412c1a",
    "/cg.971494cef58986fa.svg": "b3dbdff10b3b6d4c10bf2ce5232968cdfac39a3b",
    "/cg.9d375dfe5299d800.svg": "eafa273f7fdb2b4e4e10724a0ea99208c2a32877",
    "/ch.03351613ffb1fd74.svg": "f7a6bc019a70a83bb1c82c4c93963a3f44406e80",
    "/ch.4f91e497eebb044f.svg": "a600597fb2f1e12aba8a41aedb1ca0e2e26fa134",
    "/chat-bg.a3882d1f8fecb2cf.jpg": "c7091656d640bcf1239a0baa36bc33570de2a75c",
    "/ci.8cce402adc6a6254.svg": "6f0d8707db04123dd916e8cc3944150ce64c6076",
    "/ci.bac87d4c22268d42.svg": "92f542793d26bc646b7afb4d7f5bd0805baeb997",
    "/ck.895bec3c3db1cbab.svg": "dd50a3aad434d3cc260dae2b222ec5fedbe32b02",
    "/ck.e7ddc34d2e022e9d.svg": "ac2ac7b183003522652bdbc084848d76a782fe19",
    "/cl.41f140252e7d355f.svg": "f95d5c1dc2d96090479ff93c050f0f49063ef71a",
    "/cl.de1191bd71398f8d.svg": "090a4ab0b4d53a7060bff3097930d6fd4c34e8f0",
    "/cm.ae17380b217341e0.svg": "39267c8331440d053798951dae3293161706e582",
    "/cm.dc83e440d48890cc.svg": "94ff8671757b68974d97c53434ab448e50f89e38",
    "/cn.257e5eca0894f6f5.svg": "f1d07cc7ec17550556117c03913e99bc9dc9abd3",
    "/cn.5a2ff21cb3bff9e0.svg": "de8d89abab354f348a74568542cde477cdf09da1",
    "/co.cab4c3c0621d2e9d.svg": "9b5b1475251431aa4d5e2ee09c81f2a2e8f2ac6e",
    "/co.ef41cb0132fdf271.svg": "11356a0f3effc49536f21557242189fc982cfd32",
    "/common.e88a6edc68aa627f.js": "4e238798d3b36dc7286e79af4a28732246ca1052",
    "/complete.46b80dbe61146264.png": "db9c0ace33840e8a0bfb57809951b86d2e77305a",
    "/cr.49302acc195b76ff.svg": "531fbb0eadca7e3230d303eb36f14c8de75c3d80",
    "/cr.c4d90a0adb641fba.svg": "d729a2988d5730604c4c49c077f5d418e60464c6",
    "/cu.464a8981a7249eb5.svg": "c06de772a00410e30a59f9d28534728bcaaa6642",
    "/cu.c35c225e8c6be45b.svg": "d6ecfae9fc97a2bd56db20e61c8fdaaaf2f3f61e",
    "/cv.1911ed09b3853ac4.svg": "ed5ab1d0d8e0f5d2c7c8ba81590d9a96c8519b75",
    "/cv.a1d61c45ef8791eb.svg": "74db07c99c1dd6e9cd343994cfb455232d87db12",
    "/cw.4847a2a5495cb4d3.svg": "f6d874b7813938b378a58eab44076d7165c13850",
    "/cw.c77c08d8a598a7c6.svg": "0f9ae6a2ef15c255655fd092176b18557552652b",
    "/cx.501a6f8d2ea10656.svg": "25ae27878facf937011bf3635b537804e3f76c65",
    "/cx.69150688135f6158.svg": "0415dc82cf2fcab645bb458934255370551b5532",
    "/cy.203afc294a5c3a04.svg": "66cfaa2ea28b4c7b7885a3f417670561d91b1afb",
    "/cy.b03d884a9ba44ade.svg": "efc8cff21f8ef7e4ed1808dd9144a207d03f027e",
    "/cz.bea30caf4ddc5d5e.svg": "9096e72e59e08ed3972f2e67077f5d955b89618b",
    "/cz.ef321f09bcf908d8.svg": "a7b827fbe22ab6a47668affd4c6c8569928fdbc3",
    "/de.76778df6c150db60.svg": "e1ae23c902af18a6883505014cf2614fde0bc509",
    "/de.8a31d087bee31dca.svg": "8df755733ff3a9f18f8ae2184df91834ed175699",
    "/details_close.5cadfe4c397fdd59.png": "221e1180b6137825cf1d8bddaf41586770b47ced",
    "/details_open.d165c81e176a2e60.png": "6c745b6b96c2611e7fa5716e6ea83be771fa4735",
    "/dj.24e06c8ee07be876.svg": "94caaf4b688a7e0d0297e946b18dba7485706789",
    "/dj.b7b49d7542126683.svg": "56e6d0b4c93bcf056628d21182e86d53f96a5fb2",
    "/dk.381ab4f6406d0b00.svg": "c6d41379f0c8834a173454837ccd26b110fe140c",
    "/dk.9f1264e9e478bde2.svg": "a7df7500268c25ce4b5094f36603c0d1a5c70323",
    "/dm.885b5d5b9d6453fc.svg": "cf9e238d0375119b2cb4a6bfb654338c3813577d",
    "/dm.f4651c22274134ca.svg": "315f94de18d83e76facbeb1ec9ba062c8a37e0c6",
    "/do.88f9db77bec19467.svg": "6c9a41fb6590ca9bbacc585381549a7c062490a6",
    "/do.f0f6136af960e982.svg": "8dd3006ac2dda703bb41567eb547ed7d1800a303",
    "/dz.57cd24f57e324855.svg": "faa0ec613b5d1d7cf46195e5cfd93e62b5ca4f9e",
    "/dz.a718ddccc769c7fd.svg": "51c367fbe3c3ab035babc6110394a7c112314aa1",
    "/ec.6fd2f20e5fa05700.svg": "8c9da0f727e484d9179fed099c2174b1f25e1740",
    "/ec.f9e921222f0022ed.svg": "a98039bf10624b4f7a13b943062751d36d3a31a6",
    "/ee.052556c4627c55b7.svg": "65c6bb9d2789605418f0cb8ae87c0e171de651cb",
    "/ee.31c378f608cd9b44.svg": "7020723495fc68d7f7fb90567544614556e48a31",
    "/eg.4f0db5c5f24dac67.svg": "20aa3d5364c1422e961b06b3711ef7609f1b5128",
    "/eg.5c961ec3a83808e5.svg": "1c5dfc3b4f0e5f5547248fd31949a9be42650a82",
    "/eh.0cc5a28c474ba209.svg": "c2eac1e72a27fd56b2284bd7bae5e597993b7b11",
    "/eh.856d56c3ba2ac4b1.svg": "f228f0faa757c45bc512a75b828141dd9b01ef98",
    "/er.0c020fac0e5066c7.svg": "75bd7eb87c6931f21b98ec73b7e405b15703f310",
    "/er.6fcffceafab8a79d.svg": "489854538d0f802326faa0ef1b87be3cdcf55f7f",
    "/es-ct.17d5adb199c04a5d.svg": "940708f80a307ced3f161921aedad7832c85bc29",
    "/es-ct.8226b539f5f10c69.svg": "0d44aa29b3b367f8a6b72ce219a9a00eaf84dd2d",
    "/es.3386b3c3b80c6f39.svg": "5702368a19bb537e4e2ba100d0b7f0cfa588075e",
    "/es.bfc7e44d4ce5c0e2.svg": "27db0d19e0bf40ecc509c2cfb74e472f68c58eb0",
    "/et.6400893eea07da52.svg": "a0ce6dcce0c8475c04b7693134c0f219bdbcb636",
    "/et.bc81afaef8c8975f.svg": "b48be8e6c7d92ff62478cba05cff63e35812ab44",
    "/eu.395663b662d123cf.svg": "10353aabe0dcf927fc4312b53f1ffc275f57f8d4",
    "/eu.aecfc43730baad2e.svg": "fbd19c971949a4543cfc3e539115acd1301412a5",
    "/favicon.ico": "22f6a4a3bcaafafb0254e0f2fa4ceb89e505e8b2",
    "/fi.53c47dd478f270ee.svg": "545e8a6b26950a1170f203b803bad0c86c46ba5d",
    "/fi.eb53be0eccde9a34.svg": "8e49c4271135aa7785b4c020bb03dc1313f56afd",
    "/fj.0b85cc9989836ccd.svg": "dcf38ae2298cf23f6750be476fe52600028121d1",
    "/fj.16ee1527f60eb548.svg": "7731f8958b6e5a0e6e2dfc951a6bf5df506a4f2f",
    "/fk.511db5a95bd4c394.svg": "9ac321ac10aa5541f3ada2503ba1c4f22cd6a9a5",
    "/fk.908c6ad3d9d357d0.svg": "4f3ce9638cea6dcca5f6ecf0d71fc6860bedcdbf",
    "/fm.8f4f2186b476949f.svg": "eb126019469aa58d9daf67be004604abaaa09441",
    "/fm.eec1279be3841183.svg": "5ccca93829b2a22437bc71600c019f6374d194f2",
    "/fo.489a9cfd7a2674ec.svg": "bf635ba429053880842d355ee8a12217f0d1101e",
    "/fo.9fb95b26771dc475.svg": "30127efed32506befc1a54b61a43d37229124092",
    "/fontawesome-webfont.263ad4e5760b3f71.woff2": "97e438cc545714309882fbceadbf344fcaddcec5",
    "/fontawesome-webfont.4d7106362c96d859.svg": "c0522272bbaef2acb3d341912754d6ea2d0ecfc0",
    "/fontawesome-webfont.be578d115be007c4.ttf": "61d8d967807ef12598d81582fa95b9f600c3ee01",
    "/fontawesome-webfont.f0bc7f41e7931cea.eot": "965ce8f688fedbeed504efd498bc9c1622d12362",
    "/fontawesome-webfont.f9f5fef431c65591.woff": "6d7e6a5fc802b13694d8820fc0138037c0977d2e",
    "/fr.19db5307c5579971.svg": "bd42226382c3be298097c5e11c390c7a2b13264d",
    "/fr.bfb79ae2831521b6.svg": "8ca3c39e1819945d920dab68dc06c4c0c0b8bff8",
    "/ga.44dac2dc0e679e5f.svg": "4246817d0093afa5adf22571ea534ed2ee0e8d4d",
    "/ga.6e7678b902862e93.svg": "577cd94ff1bc8659c6700429d63b6e7ebb80c998",
    "/gb-eng.04c306e187da5188.svg": "5154ced4184a82ccc1075a310be7cca47b42325c",
    "/gb-eng.0ee9161444aa594f.svg": "2d12cd5af5b049848bd0a743cda1f6f21b972e2b",
    "/gb-nir.9bb6865e9990d23c.svg": "7c11584aac9671f22c56cfc3c62a347bf1c9c857",
    "/gb-nir.b6cc755ca4b24ca8.svg": "ca75338f51ea776e71bb54b983978fc44012f9c4",
    "/gb-sct.f1d217462eb896be.svg": "a56b5b82b06a85287c97c4296fe81b5f0c1de33b",
    "/gb-sct.f860043d67921aba.svg": "a3cee07fc2527403e2c07700ad7d0f6165eb4857",
    "/gb-wls.a90f1402453bc188.svg": "b5cab9be7f0f8c2f9cdbb4768aba170a533883ba",
    "/gb-wls.d07463ad33f3ddfd.svg": "9989d5179f8fcc77b43d81742baa26c5398f1b0e",
    "/gb.c1fe9fa143ad0be2.svg": "330434a5211859597ac5d1d03172c7503853c414",
    "/gb.cbc326d7ce62ca4b.svg": "0119bd2497d2cab21b90101f8405c59a07940772",
    "/gd.6079517b94ae9beb.svg": "76293f0c792650ecfc7fe7d3ba1a48d9e92c4b1a",
    "/gd.c632c52f1e20717e.svg": "57ea4b89b8d54a7cca58f2c1d4d99c3b89fe00c4",
    "/ge.3f6e886081ff7226.svg": "25cd7c10289890de18855a0ac27585d8ae8ad6eb",
    "/ge.e16b91bd95b7d0ba.svg": "f844c409e5ea97048a96626fe9cbd2cf2edb48b5",
    "/gf.07cd512e86206186.svg": "4b5b84799efbb0cae191177f246fab1e635e4357",
    "/gf.9d75b52637a1c313.svg": "2cee69ddc43048168074a0a0e202864acc8b197d",
    "/gg.5893fdcba322530d.svg": "d4ce9cc765445031e2ee920b70ea54826e2f07ab",
    "/gg.d08ec1a403856e55.svg": "26f46deaa1c7c93bea126271b6ee5acc714c3f69",
    "/gh.adae65f5239935bc.svg": "43281d3bd6dc37afa10b2f430f6e0dc1dd14addf",
    "/gh.b0fac4b850b031b1.svg": "eb343bf246a58c671a5a6d25205651aa745925e5",
    "/gi.45460c9c831e0056.svg": "5fc78b84bc9ffbe2a692059ab82d78dfb4eef45e",
    "/gi.92e01707a39bc7cb.svg": "df119cf8aabddc956c14cd8dd3a2c0d2064e9d09",
    "/gl.0a71abd9cc71f02c.svg": "78f9d2e01c86b2916d5b5ace557ec44883353b54",
    "/gl.0eea0af6a60751cb.svg": "f66b75b9b49e40f57ab724a604c18d6880a2ba4e",
    "/gm.1fbb9e494f96913d.svg": "855125f1ec1e3015b8e4657b2f470edf76e23135",
    "/gm.6919cc799878f6c6.svg": "e86dc3c3b2fb216184650d66453091533d4c8781",
    "/gn.4feff5276baacdb4.svg": "99cd7d9bc90f50611ac459173ea6f6772c2241c2",
    "/gn.d5b3a813d1560509.svg": "e442eb961eecea480458824fd5c3edd157b4506a",
    "/gp.33fb9c8ffb38d895.svg": "0945fe6b843f2cc5d8dc2766369585d0b3e3d933",
    "/gp.d4431ffd0df87001.svg": "a6b69006423605e738cd4db0d64f07a5afa22f20",
    "/gq.947ef83b6b4f1e40.svg": "a0213283132e9f01ea526d2dfe782f72ac1f1546",
    "/gq.e6eb1d25c7459561.svg": "1bb335f80535a20f91ed4354de00bf5420c60e7e",
    "/gr.5a08742078c1c337.svg": "99eefb292b1b32f732c8ee94d7ebee78de101a78",
    "/gr.e5284e10670de8fd.svg": "66e12a4288ccd20dbf4abff949c56cd7e99c454e",
    "/gs.256b588bb3a016d3.svg": "e26c61f4e2edf655e8c7f4f26476eca775b849a8",
    "/gs.b92356287f0a74f1.svg": "dafde4e0dfe72dec805e92b0f51bf2d9d72a37f4",
    "/gt.553b880760114792.svg": "7229e61822c8f8748671b88fc9d3f323eaa5ae6b",
    "/gt.6c2b476656f2f611.svg": "914af19d9850de52ad8033ac72410da7884346d3",
    "/gu.19b3a8c2ecf74898.svg": "e43ddae5b2f170e36f079d4ae3d90b2575793fdc",
    "/gu.b4209e0d21196c61.svg": "9aa3b18c7d965e991f090c5c11ee4cbb1ace25a3",
    "/gw.a87e8d17b5ddfeab.svg": "03a127274bd476311f1a1778273ce244638ac08e",
    "/gw.ee0103c018f110d4.svg": "176cb05624425681ee1a09e2d88806f42f0ab8d6",
    "/gy.8cad0108e9c2c878.svg": "9569b6ddbabcee7f41f09c4814885e3e04867e95",
    "/gy.cf0bceae1e0f5034.svg": "8e1a519dec5ed41c6bd2803c3cb9198695c308c4",
    "/hk.0430991199874905.svg": "0b798029c0d005e6554f56bf9bbfca6049b27d50",
    "/hk.bdbf6aa7588fd33c.svg": "4fbf06d253bc7f661413aa5bb6ee6b7abceffb68",
    "/hm.c5895695784ecf67.svg": "1b7cf2fdc25fbfadd8034b17d46f5007611ded6d",
    "/hm.f739a9fabd58594b.svg": "1adaa4286e783d7a65463dc04b9703b8fa98bcc7",
    "/hn.62bc8eb12105163e.svg": "5d1cbb8acea19293c37bf1bda6f5b09d209282f6",
    "/hn.d47d27d886fb0fc3.svg": "5733a9e613dd65e2fccfef127fcb8a91555f610a",
    "/hr.4cbdb5b3601c449b.svg": "f69cbc8f5d352291ac393744467097049f6d5929",
    "/hr.60c77943e0b286b9.svg": "d91856693d3c76d4f1e36fe1de72dc5abef6490e",
    "/ht.3bae223b972f88af.svg": "6c6513768f110676a659b19d8546dc85115bad4b",
    "/ht.3bdcd31ffee1fa1b.svg": "a4e48d6fb0c1379fc4000cab32716059c1f8c579",
    "/hu.2585e4e046275de2.svg": "7ec54b02926d00fe530e39734d855d88df1eac4f",
    "/hu.88505335c2137b40.svg": "14bdf1fd3270e845dc23a55c29d8e963b0258fc5",
    "/icofont.061378415cb4ec3e.ttf": "595227873a85bd09fe737316b4853fe8373f784a",
    "/icofont.39522bee6b6d3d18.svg": "a3fa5c709bcc058908502c0686db32ba072861b0",
    "/icofont.7c4b6f735a3b3c3b.woff": "e9999ef556b4646c00f49dd67ce86349a7a598b5",
    "/icofont.deacb0506c6248c5.eot": "e4b400e65eff43142e28967f00a7a0834a6af075",
    "/id.08f036726c2e9333.svg": "482474a09f1056e7d82efc87fc1cc9e3f6ed9e92",
    "/id.f1f01d4453ee2692.svg": "875ea47a76c0b62db69ee0e49b7b1d10665f0dc0",
    "/ie.621819e970ec91e9.svg": "2600bd8824aa842865cad7fb783d3acd3b780f14",
    "/ie.9859537ec8c5ce1a.svg": "4e3c85364ddf7601d6ddceb7f8436ca1c1a9abce",
    "/il.05ddfbfc1ce1ac71.svg": "ecbfc7e47db50f0fad5a0d65f48643ae5d608cd8",
    "/il.3387777cab3f0793.svg": "bc3beb5d025913ac1dc55e0d9a80b47ce0b61609",
    "/im.3e038b997be0462b.svg": "9dc2cf2f87d643bfed4ebe01b18a4e5131343d90",
    "/im.7393937fc1672465.svg": "71826681d0b06e9f026e3d0865f8b1086a2de5a7",
    "/in.43c08213fa0aed31.svg": "092fb37dddbe11c0d77c95b32a4be174fa4eb19c",
    "/in.b1021f4ecf9fed12.svg": "5870bdad32431bca709990ba78cd9aeeee1ee209",
    "/index.html": "da69b2f0a434df835ad6290704b14fd717f1ac60",
    "/io.2ae3df0fc86dd77d.svg": "690029ec6cb93ce727da325beabd06fb3947d165",
    "/io.fb75fb37c69366d9.svg": "575ba5d6e2e17f5e517c54f4f02c5e90cb2da34c",
    "/iq.376122cf3ef0a79c.svg": "52e98203e3ee53bc7271d6744e810cf69585aaef",
    "/iq.df94a3ba24516d15.svg": "6838e57514d1cc50f02f0f5213e2ac143b408d28",
    "/ir.6f7f6e18af569a56.svg": "34e893513e0cccbeb53c13a879fee64ca39e7a23",
    "/ir.aa99f16b6dd643c8.svg": "b18500244b61850c22248498f0f468cefdf591ed",
    "/is.64cfc853a12f7c91.svg": "aaab42a458bbc16243bd9c5658fc6a007f54b91a",
    "/is.b56b9d3ffb8ffd03.svg": "4d1d3b00ccc4656505386eec7118616cf59af3a1",
    "/it.416d3bbdddc08576.svg": "979bccc5fe7df8d37b7f3438db8c4804b3a20345",
    "/it.9c5e932380ca0e2e.svg": "7f55a5694f4719ce0e1fec650cf646511843c125",
    "/je.a2ba3df5fa3578fc.svg": "675f33a05fe7cc9f6b80b6ea5f127a027cfa15bb",
    "/je.ca943d949f2de6ca.svg": "0e523eba7424c7769cf23b971380b6740cb263c8",
    "/jm.77dc1a52d9e527de.svg": "d3cfcb9e405eb5abbebe8d2227bebbc045666002",
    "/jm.e04567493b3449d5.svg": "69783ba777789201144ed081b9deb3f98feae81d",
    "/jo.7dbcb8cde998f29a.svg": "cbd4953c188f3cb014a7f2018f658e56f3f79132",
    "/jo.c6ebb17343705bcf.svg": "5a81f19679a4a16af52a856888b72923d0570f88",
    "/jp.ad610576480cb5d1.svg": "0a3edcf59cfe8c726269a6a2129c0cb2c33d264d",
    "/jp.afdfcc95efba19bf.svg": "9f2fb82e0412e58df08fa80b20acda1ac9eea879",
    "/ke.c81b8149586bd1ba.svg": "69b9a688067972bb41a0bea66f265ffee2f512f0",
    "/ke.ccfc2c3fc7fe1ff0.svg": "b02af25234638cfe2d0e825f18a9bb79695b4a52",
    "/kg.d4c0259692612a02.svg": "e63fef1798223f64332b6be599f9bc8345f3e6ef",
    "/kg.f32f7512b36d6226.svg": "548bf15507780905ac5cbd09c5a8b223e951fe26",
    "/kh.8da3a02a6057460e.svg": "8986264d5bae8add42598092e4b058f54d81c2f8",
    "/kh.ec6cba761d1df06d.svg": "1b686a089319e4b5cba0b75e153530cd7c9d44be",
    "/ki.2a0550b7e1cdaa81.svg": "4f0dd8ad0ca2e22559b103cde935580f854e953f",
    "/ki.6c61fd2a6dc032fc.svg": "9c0cfc63656f0d7736fb34c8e37be8a412175db1",
    "/km.23acb6815b0b0c75.svg": "550366d51fd6d0cabc7c7bbac8a918bc76750583",
    "/km.eafe734b1140e007.svg": "941f7a43505ab755924f3971bbadf153c9c68030",
    "/kn.619b368ca79da85a.svg": "e2d457196249169dcdd002ebb16001d49af02d74",
    "/kn.c917c449fafe197c.svg": "f6d759ce39c30ac39df9a481bce37951a267a0ea",
    "/kp.3333b08db488211b.svg": "d42071cbc311207dc86277e6bdec733dffad72dc",
    "/kp.3f38a92f14745a50.svg": "4919a8f1aa9f4862cd79ff6cfdfe4fd124d04636",
    "/kr.15f4a33bdb9073ea.svg": "fe5601cf7398ed9a71369547b170385bf17a5458",
    "/kr.bcf001658fb9f7bd.svg": "59d225ba87bbbe58cf768f4775ccc1d20b0c5cc0",
    "/kw.24cd752da7ed0431.svg": "307436c1d954fb1c6cd4851724bd0780f65a8f86",
    "/kw.d1a41bb97dbd0056.svg": "83638f66f7ff1e1c2eda013bf99597f3ae7c6c43",
    "/ky.62757fd39bb2cbf0.svg": "e254a797d2952814c9d3fba8f6a645c5a95cb869",
    "/ky.7c799aab95a42735.svg": "e6364d0165e501ce9e9d2efd1e4c6f5a7d5b6401",
    "/kz.bfb8ee19c977b52f.svg": "15b5882dc8ff0ab3162b860f96a7e6d8e7177351",
    "/kz.c24eb345de97042d.svg": "89709847cb46329a3499cdb1255122ec7decd619",
    "/la.a0975dd35c1d343e.svg": "50dd5d92b3af55f63ca07d7dedfc8948ce2165bb",
    "/la.e81632f3b236e4f0.svg": "e2e336ea66e0856b9d39c2e93322eb35e6689bbb",
    "/lb.995e6c891ef70a6e.svg": "a018932926f956ca9f17e7c0a697c2b8a59543da",
    "/lb.ee5e1eb75a55a00e.svg": "37cf6fc6cea791a87142a71739211e5fb8423818",
    "/lc.44861c0e63cb2ddc.svg": "d738684a320dd37790c20eeaea276114083c4dee",
    "/lc.b441e4bc0153f765.svg": "8dce1d6e5c6b24bcfb583d54b1849e60431249ba",
    "/li.46327aaa8bb828d0.svg": "01ca2ac8c08a5a2cfcee2867e1a21c408b4e47e9",
    "/li.a8e399651ee3fce1.svg": "03fcb5f4aeeaa731cd8f43c2f530438ff408a023",
    "/lk.468a4ea4037021da.svg": "6187e55a714f6b5ab671605374a0260228b179a3",
    "/lk.94b7fd4ad65b6fc9.svg": "8a1508d4d1816555f71ae7ae704599795f119f52",
    "/lr.2e04337fd8c180d6.svg": "837d945b0bc8844e2b5d229e337aca0e9da2bbd7",
    "/lr.77763030f7ef3c9c.svg": "628e9407cb709b5c9cb488053bb1d850cc887c2b",
    "/ls.9475151eb9d87241.svg": "02bd8371c8cd14df186284e900d6725321ba96b7",
    "/ls.d96db9d11a3e4e8f.svg": "959a9904018a75d4bbfaae0561e0ccb7e9e7e390",
    "/lt.0723a6e255e7ba70.svg": "76ff0532549323c7a82cae4af65213a070e193c6",
    "/lt.6bddef6dfeb1a2b4.svg": "2d48bc81224d7291c0d7b9a840a30ec63295d648",
    "/lu.207b4718cd6e5fdb.svg": "4de18e42d459f7b5f77775bcec5036b8144406e4",
    "/lu.56e4d165932d0daf.svg": "e36f96a80b76ef69392d072c3508c3ac6f57e28d",
    "/lv.d2c1fee087195d52.svg": "259499ce4fba866dd72ae33f0e33276a5bcd128e",
    "/lv.df4ef5959098f9b9.svg": "f088832b180b45857f68d0caed2f73f1160093f3",
    "/ly.0917583b902869ba.svg": "b9cc205dbf9cd68cab6dbfece598796cffa8fd36",
    "/ly.8abf8b18b31bd3bb.svg": "78ee0bf2ff69d74f7b672a5db99955f46e036aa0",
    "/ma.0dd81df60d4990f0.svg": "9c1c7898cbad2988f149e6b8f4d0aea778ae9931",
    "/ma.fc2363a82959d371.svg": "208b78e2b4173dede23db14d37d62485385a9c32",
    "/main.df60717e176ae2c5.js": "28c5a135adc3c13ed6e9140765fd0bdd37a6fab1",
    "/mc.44b4da6a8201cee2.svg": "5370120c601c5129a60c2d73eb8cdcb1b397fedc",
    "/mc.e3fbb9724d057dbd.svg": "923de35f3312f7dd0aa2fce63bb51956247d6aeb",
    "/md.2fa990d05362aa7c.svg": "751db01abba96d1843f3947a18aee97ea5a5ac33",
    "/md.82355c7dc6b3961b.svg": "5233ad5e8f0ae1cdbeb0fd66be5060f4c4f76a07",
    "/me.6757da706821b76d.svg": "f1a4d54835dc9ae60547469a764543049b27c296",
    "/me.a8e3a647d2ad3ed5.svg": "3d4fc36207a2b70cfd25978e2843d881fc90bcc9",
    "/mf.7fd458dc09cbfc56.svg": "1e1ecb729027f4c527ec356fc970380ae327bbc0",
    "/mf.c628a5986e7194fa.svg": "d4910dd80813e77d1d8265cd9620f55ec6cb8b02",
    "/mg.3d7f55d870a907ac.svg": "47ec4acbbe94a36a6230681b4074689b94881272",
    "/mg.b74f3c44d5e8b681.svg": "bafa472751de3ef0bc4063e3b045b57a8e21e6b5",
    "/mh.1adbab2293c8030a.svg": "0737a33dac3625bd009c5109311329b9345624db",
    "/mh.cc1014703a497733.svg": "72501849b037d89c54dad895d479786dfad8a79f",
    "/mk.638f00a04301b320.svg": "61b62c640fc498a1e980fe49a8b668cb85c4dd0b",
    "/mk.cd9355d6aa48ae20.svg": "bc0d8bde9193d236af4c06b13fc7a87a19d158c9",
    "/ml.2e432691945c62a5.svg": "aa13cfdfb474f2fa158af19f3adebdce7fa1c33a",
    "/ml.fbbd018a4585ff37.svg": "35c6b079279c44eb24c588232abee4ff4eb9c16a",
    "/mm.4ec4c986a1240e2c.svg": "e73f0af022150c5b5a7a712d25f721ccaf852d18",
    "/mm.bfad3b0d9cb358cd.svg": "81ea32e14d37499df667ea13e1632e97e7c69555",
    "/mn.4c31ac86834ad0b2.svg": "a8620716bf02ef37e8b890bd4798d150519c6326",
    "/mn.f88f223a37234392.svg": "9a153c35de63ca1fd9b676928a205a7365b3cee2",
    "/mo.3842cb240e7d1614.svg": "05c31f82210ac7d951fc5f331876657c9fe7fadd",
    "/mo.a1aa10da09e06760.svg": "298d26f121167018e1a060820a06dfed252d4bae",
    "/mp.535065c611eece74.svg": "afd56e2af1e85f5041fc3a90860775933bbc1bb5",
    "/mp.9bf7ebb92bf1fe61.svg": "40f756d2517e691e78637bcd635f0f107be5161f",
    "/mq.0b6efe85c4ca4444.svg": "ef4da0aaba440f0998379c2f53dcfcc83e69f988",
    "/mq.aa5575b79ff0bdd0.svg": "7a75b843391641f90aa2fc0bed8c0691468a3b87",
    "/mr.15e877678bc06ee3.svg": "633138a85f82f5ad60572ecf0a80840fcbd42a31",
    "/mr.49182eec2f4514ef.svg": "d6ea617e34270c4b4d9da0d6bf1f9165d9001064",
    "/ms.60f97dbdd229316a.svg": "886ff7f85088e4af0b437c83a8fd55ee57732574",
    "/ms.f45380bd75e454db.svg": "9c1564f411c4085922aa5605b195865051f2b2a0",
    "/mt.4fa3102b16150f74.svg": "20faedb1d780cc0a3d948737b460e5d3aff86eaa",
    "/mt.630444d788dc2c75.svg": "33312cbd852df0e2513447925ee827f38a3cf476",
    "/mu.5092308e23015c4f.svg": "2bf4128445257afcd95ffe0e3ee53733bdb0f11d",
    "/mu.da7b183da0f3f264.svg": "e302b965a64e050820b14f5cc8a3003f82ab04d0",
    "/mv.ad8f514842e58f58.svg": "97ff8d2ecdc3e0e66c40501e03b149ab8d926e5e",
    "/mv.f4256eba7cc511a4.svg": "8fe43105a466041a1d7b83bdcca94845dc5c422d",
    "/mw.15b03229eb7848e8.svg": "7f8ca5196d4f18ca907dbb6f8401f459cc9c4c9e",
    "/mw.6c6d1b9a8aa6a5ee.svg": "daedf95a66d65a3a48753fce0c8de035477d3f26",
    "/mx.db57870222a1a4a9.svg": "65fe5f8f2cc77d969fd33d9ea4b11e0b344ccb00",
    "/mx.ea6d5a216e9aa2f8.svg": "f6f89437da0ec7131657dfee542473c21884d0c9",
    "/my.25cdc7659d5cd42e.svg": "dc71b457f2878b55ce5a4c3a41cc70f93bc5d522",
    "/my.804162ad2c823dba.svg": "908ec2c34213a6bf0168625b4dd8f915e73df972",
    "/mz.67d51886fab5845d.svg": "3abe20a35b1bc210cd60db709203497827660d28",
    "/mz.b7e9843f6383a4cb.svg": "7d32b7c20b12a6541c3b740baba268fad475e5ba",
    "/na.9e18580e53e2f719.svg": "f3b5d00419a864dd9c40bdad5be2d28e35d0d2eb",
    "/na.c9f7dcb1c270ca50.svg": "72fcf45705160a9c3a7d4784f2a5b4e5ede84721",
    "/nc.98d2be965d9aa7a6.svg": "3a23682f5d30ff1b0e0ea072d76b3633c41c1488",
    "/nc.c90a5cc686d3dd10.svg": "386f5b9103d536dfbbcf815eaf4b89e4d3d0d3f6",
    "/ne.21e541d555496f8d.svg": "d09947b1a179c2463e8bc01f29d50533c207a703",
    "/ne.43bd355e660b66b5.svg": "1490ae9fcf9b4b9f2429fd1f450b400ea21f29e9",
    "/nf.080e376020744ef0.svg": "204916f57a9d23a70968bdf76287575de98552d4",
    "/nf.646b148888fbe24f.svg": "b6778813b3f2c00fae7dea71237cdedce2487b19",
    "/ng.5a610f674f6c14c4.svg": "c5a95078331f5ba39655f58800489a31493a4c4a",
    "/ng.75391d5e2163d0ee.svg": "ac4000abbfb9f686469281ebeaf9fc2e56551f44",
    "/ni.8762e8019cbd1d5e.svg": "420e6f5c29391ec5ffbc5d74f3764900776af4be",
    "/ni.b32ecac2fda9ad11.svg": "244c3eaf34e68d5d09b87008177f170b4dcd554c",
    "/nl.686f8d0d2c6f0579.svg": "6db560d488b99851c32a1ecdeb36515941156d7b",
    "/nl.6d9710ce4212b79d.svg": "74f80b148035801dad3ae9c1337b14e9c7f9a657",
    "/no.319602adeaaf21d0.svg": "616fd9725e5df9680c88ac709e6f9a4a2ca11c38",
    "/no.a077e7cdcc7ee1e0.svg": "33b7a353471116f449f406f336afc01075c4fcf0",
    "/np.8ff701e4bc2bf1e1.svg": "5c8a2fa1b9aef3031386d387ba385499d6aa42c1",
    "/np.b85f225c6f722fc4.svg": "9f08062656785683131cd7728ba78c25c27fa912",
    "/nr.288d86b42a53f515.svg": "4c3740a981c76db5ddafecf07bf533994752605d",
    "/nr.3fe494ac85322998.svg": "e8c5eeadfd9aacfa8a5a9ce85bd9ee88df9246a0",
    "/nu.888152de3ce9f27c.svg": "dbdbcee8f7c7a8dffffe314f1065828fcdcbad13",
    "/nu.c83eb2998a24e191.svg": "04dd987c1c6ed5289ca7b3f846b0975ecbdb8ce1",
    "/nz.2848e4096cb0c93d.svg": "6a7eabaeadd4fb7df16414b66d6c88e00457ec36",
    "/nz.b0d75b06c0e981ae.svg": "33dd383bbf4a22a5e3731c163095a4c8ec660769",
    "/om.1b488193c0fc41ef.svg": "715c61a7414f45b93becf99e58a064d9fb490898",
    "/om.d0baa30442265498.svg": "5e95146c13ecbb6edb77ca4f87a4c7c9fd0a0693",
    "/pa.1d5f959eea04a431.svg": "74cf9daa4a165ee8c05387773e7cef12ed4def0a",
    "/pa.3bd5b13c2b3ffc17.svg": "0ee46c8a0bc84acb0f7a7c920d8378a700d444f3",
    "/pattern1.7bbdcab1f6366668.png": "4e22daf5c748486ca0b5bd6d88e4f2b33423938d",
    "/pattern2.15826efde83c4900.png": "cb0316cd37130ff1873d078190142aa9ea116e71",
    "/pattern3.c9699a33cd50690f.png": "9c7fc7ffbc53562bd22a5580b4245cafb0a68ee8",
    "/pattern4.7e1ddd1c2df298da.png": "adbcba09eeb9f9883f1354a3827ebb0f2765c810",
    "/pattern5.1dc720fd56ac0759.png": "b77e4a46fe26b435a4d8b067a02418c4eabddf88",
    "/pattern6.06ab9d8e29037a38.png": "5d6e3294c066449763374886a5813350a00adccd",
    "/pattern7.1527333e7e017c0f.png": "d7c62f1c3adc8eff9557100243105c75f19ae685",
    "/pattern8.d9cbdf8fc7000f51.png": "af515e2abdf6ab119eead1d274e0a6c56dc35386",
    "/pattern9.b96db4d2c7aab062.png": "5aadc2c3e2a1f40ddec8b7e97eebdec036a5f531",
    "/pe.29149bb293f18eb5.svg": "c41aeeef60d91ab7f0a9c48d940f300633181778",
    "/pe.6025148038f2c5c5.svg": "68f4cff9d18cb578d28364aeacb89555eb43ff72",
    "/pf.0163babc2a53b2d4.svg": "0e71366199957ac66c324b831b0fe4ea5e3d657c",
    "/pf.b1c9bc2df0cfe6a6.svg": "62e9c3f05df26383e28c4b9b11dc50621b72ae49",
    "/pg.74217e053de00a3c.svg": "f69720536d757ea5ecc6c342ebe4f3a1d52306c6",
    "/pg.f57579a1fd131613.svg": "92167256520e70e0dc9705a7b085acb150136112",
    "/ph.a22f36f633c1119e.svg": "2c7acf2c62041fab6c4dd30628b13fd5f3b3b13c",
    "/ph.c7fc819bfa233d3b.svg": "558dd93c8b8f779c9aad93861a70327dee8772f2",
    "/pk.0735bba0fe93efc8.svg": "2205ca28139021bc53b4ff313f7771f2d88f4869",
    "/pk.7e5ca2c1677666e6.svg": "88ddc24ab4b6af685be841cce6df4ee23f723d7e",
    "/pl.883ac77bf36129f5.svg": "3de25824fbd49dd825fb236d81527bcb0d84d426",
    "/pl.ca2e90ae1dfa0b50.svg": "33d6ca38edc0a2235d858adc7a1dddce28445449",
    "/pm.09d4ce2afab9de4a.svg": "2c05f8ad5c16f34877c869693fdb777c71a61aaf",
    "/pm.706eca4e8dd2e215.svg": "7a3400bbd5d64c3721dbe0971dec80f712a573b8",
    "/pn.a2a68c231ca09103.svg": "128493fb4fde405cd0c8291691b0735c1b02fc4c",
    "/pn.cff7188696296965.svg": "0fd22cf2a1f436d67a15eef9c4cc5dc6ba4e3cd2",
    "/polyfills.15394a19380240ca.js": "01c96763cd1a8842418f5105804abdbcce092072",
    "/pr.9b77a88e80c885a1.svg": "664d785c5e568c3961368e041984c0fada877abd",
    "/pr.ce3b949fdf7042f8.svg": "988c0ed463a949d8b86b9060254f7f859bc25a37",
    "/ps.1940389500cc02d1.svg": "38e3cf615a79bb89553f3561c2bc808f3c21beff",
    "/ps.7b2afa2323d9b519.svg": "e5501886f486b57e4a611b78b24b408d9b5acfcb",
    "/pt.3bb89713f66b0fbe.svg": "253cb61069baf12c6f29fae9e1be03d838130d6b",
    "/pt.7fd2421a10e95bd5.svg": "80fb6b1e80c83eb2582de612dcc91d3a3a3e74bf",
    "/pw.74e24ccbc89d0ecd.svg": "df7324aca2c33cf23071152273f0d10fdafacb2f",
    "/pw.a7b4a8178f9a812a.svg": "f1cbcd6e2674d45e47d0a6870af3f5272d2c0345",
    "/py.0499158f4c878891.svg": "7f1fe740783b4a70be32277446db76944061f4ad",
    "/py.af88c9d28cb68b1c.svg": "faf9ed14c2bf3a2c83875c689f41a5f5824ca463",
    "/qa.58cc33e973903427.svg": "500135a1c78a819bbbb7ae4dd9335d40f1966de3",
    "/qa.c941de386e43d7a5.svg": "c3f5de16ec7ee615976a433bd87d0d0fb6b0d877",
    "/re.9fe8513efdefb28c.svg": "51cd57e2352cf729f1bcf2d85780bc273b07b413",
    "/re.bad64df81989092a.svg": "65b582d801919abedae67ce56a3a3c4ce2634438",
    "/ro.b07c2442faba2344.svg": "70137deedd9fb5a2d6100c3b0368f6ad2aa2a467",
    "/ro.c478514232c8d799.svg": "1feefd7f234cfc0034cf9da6e63ab6c0dc01ced9",
    "/rs.016b3d882120f349.svg": "2b412fddb5e34c9f19ab4b0ecbe392f8e8f86ba7",
    "/rs.cf30812acf9d5e8f.svg": "adf283334e1b44e08920fb6903288502d0ced232",
    "/ru.67454c8e387c2114.svg": "622816ea4d363eda0bf2ad9d7aaaab431f309340",
    "/ru.f11e4d9ed9ff053a.svg": "283feb79033d1112d34e3648a8e01d6af9122cb2",
    "/runtime.242bdb53232757d5.js": "778ab651f9497752999169375cdccfec17a0a269",
    "/rw.7b9966b6bb6fe414.svg": "92dff2e98d2c9f84d858850e816da4dcd0472961",
    "/rw.ea2498ef6e083735.svg": "17f229cdb5d62e2cda648fcd8f2b524dcb573215",
    "/sa.090e035b5f4f1cfc.svg": "63f26785d08f54afef42933bc6b7d1194625026a",
    "/sa.fbd182d436d2eac8.svg": "1703db2629034eec4c36bad4b8a2cb8441078c03",
    "/sb.03e89be03a213ecd.svg": "cb3f57fa2dd89095d5aadf192bc5a9bf6122d297",
    "/sb.a96cd677a26d3d65.svg": "531dc5dbbc8fd1405bd4d4ba673564abc3c4a4d8",
    "/sc.8326262602b995b5.svg": "f308570d13b72e376d6687691046d9d82f0edab8",
    "/sc.85d62a7894e1bb4a.svg": "dcc631fcdaf77d64bc26831ac8b2838398b157e6",
    "/scripts.94dda2742edddeae.js": "ee9ed1d2066c4f2e32ebd4ad6d56436610160998",
    "/sd.33caf10e40e9d26e.svg": "ecac81cb1b9085a659cf513bd6eece4ac97c29ce",
    "/sd.9d9caff09b299718.svg": "fd06805d9cdffc0e60173f94954c74963983b2c5",
    "/se.c7ae7d302dc6f93b.svg": "12867d64bf6450516dc5490f189595d719e64920",
    "/se.f5e6ca17c9b7fb71.svg": "c81760d3e261c3c669117807024dbbc38308a592",
    "/sg.35fcf83c8eb799e1.svg": "4224bc0bfc08fed5aed25dd1f781601722d6a8df",
    "/sg.b5a642e46dee6e49.svg": "393cfcffcc1ade9336d8c1dfc3f8a6014650368e",
    "/sh.080ace34e98af78e.svg": "b6f2dae4440bc45e015264f401196d5be119f025",
    "/sh.4566882d85753aa4.svg": "2597f848e7aa5ce98b64bc155e934e9980cc1be6",
    "/shape1.e0729b730d3264ef.svg": "1c93b22724275726b11c98eeea8a6fd3d4b1b5f0",
    "/si.29b2f4066dcfa36d.svg": "d00b8dc393d9a0d93a4268ebaeb781302d16f94a",
    "/si.53613e7ba1f93c20.svg": "f780c6df22c6e341e586f926cbf57132672a0d15",
    "/sj.3b21beb0fa7b0f08.svg": "34bb463e8b0e81155e60b85c4867d771f3c3584f",
    "/sj.782dbf8210499d54.svg": "c604f86319510b6830cbffee5073d9af986565aa",
    "/sk.4cbceaee086eb560.svg": "8363e7505937cb42ae28c24931d4a1a0fbc2ac4f",
    "/sk.b16e941525872eb0.svg": "9180ad66e5172fc3179cc067bf02296fb6087bdc",
    "/sl.a49f5b301945d22d.svg": "38570de676822c94768b8904bbde902a49a797e0",
    "/sl.dea8a8e3c95ac1ab.svg": "64067d95cb2814c7d512bace3409a617c6b61f83",
    "/sm.0e7fd8d3d0ac5b85.svg": "6a00682d23728c2b8c8222c366f7ec86f13dbeda",
    "/sm.25f73fe5518dc1a3.svg": "129535277398c837c57b05fa6a3aa9b2e2819b90",
    "/sn.3168e18253240d10.svg": "9e4acbac5ef7e4ffb81dae2f774a3ba9de52bd14",
    "/sn.dc25ea9d245a67c1.svg": "6b799049c40bf6918a4426c31eec2aaa45de4df9",
    "/so.6c3ad4dccb8842ed.svg": "b2505e82d4db919cd221652538f0cab784a9608f",
    "/so.86c6806c80c4a908.svg": "5567c1dfebc30e1901cca8e93ba24898fd4a1174",
    "/sr.f5e24e1c9eb624b5.svg": "fd5adffa61d54ac44dfd881651e39040c7bf49f9",
    "/sr.fdea8ef9a839b671.svg": "4611063dda40b84837c7a846e324f291354731e9",
    "/ss.27c6550f90daf03c.svg": "94df6cc82ca56c76c095847406d180a81a0e2c54",
    "/ss.e10d675cec73786d.svg": "9ea81854828b052f0534a2a42a0c742060352583",
    "/st.bcc82ec751f9bd78.svg": "1d73ddca108c99e85bf51e2f9c78479bd19a2d82",
    "/st.dd908568ac210a08.svg": "ca70fd4d08c71b65cc0c177d523e3d000c7c516a",
    "/styles.326953277c54bd62.css": "2f85a2226479fad5e335f4bb183a53fa7eec430c",
    "/sv.9424da0c600946f3.svg": "becfcabd757da1643a58c22fae1ea1840e22fdbd",
    "/sv.ed95aff6bb081235.svg": "aea4594491622931ce483fa3554bb3ae62527731",
    "/sx.187aa0f0619fd421.svg": "4f6111bf5fa2ff18a1c799c98faf766c7dc37d30",
    "/sx.3e58f0e0db564a10.svg": "15df247a70b00c1eb95297eac8fb2151f55e71d1",
    "/sy.2c7f57924f87072a.svg": "18a95d43afa110d068674f3e9f8932abcff77538",
    "/sy.9f5b7863264631fd.svg": "e0e3fac4335fbc955ed3aad9037f9873fe2c8da2",
    "/sz.9a279dbbdb65ed5e.svg": "44f328d30220d2afff911a8b09676a59459170ab",
    "/sz.d4e37c929806d061.svg": "3dfc208d0dda679bc94ec300183293c4a5ef8189",
    "/tc.26c10e7f16df4ea6.svg": "e591a812ff7aac993e23db46a95984790ab296cb",
    "/tc.ce61884d15767691.svg": "7d2c3e8c848c8e13ba0ceb0abd0e23dc133c67cb",
    "/td.de9e8e318d039267.svg": "98f5c4b60a15f0c8fb0436095eab21216c592071",
    "/td.ea3e9f70d9eef951.svg": "794a9ed5068263e17f590a77485d80fc92ab7607",
    "/tf.66e96b39d116e97f.svg": "2b924358a3fc9788f369e4ed620b776bd4ba8576",
    "/tf.e9a00f9aa011139a.svg": "ef6fb6296639f1c833541358cadcb67a95b124b3",
    "/tg.d2c584a2b539a498.svg": "26bfcfb7c2328b87d0d7bc1895b86a6b49a63b8c",
    "/tg.fe8a850ca92381f1.svg": "1d1cd3877e55e51f33c33b8fa650f56e73480f5b",
    "/th.511c9f982d1c8749.svg": "a9ed07f7749cee3a717156afd0a5200722b55189",
    "/th.d2e9673a20649f9f.svg": "8567781b6ad08399ef7c0092fda065e39be26de1",
    "/themify.0504804445e9a55f.eot": "df12a0942cf1933f0915fe3d910fa2379f092d83",
    "/themify.2ceff4429e43e15d.svg": "106a9ed6d6b0936376b5723611a602a2e3da66c6",
    "/themify.58ecddba064e63f7.woff": "9394f35bd2addd24666b79bfc36d4f9d247cb01d",
    "/themify.6cb5a30a9518fb87.ttf": "5bb1fe69452a484566a81076af7567728fe7e43b",
    "/tj.be65014a873ee399.svg": "058f69ebf32a11372866108d7736eef536fdc0e8",
    "/tj.e8f0e92a4ef7e2ad.svg": "da6210544f13914a7ffd7f774c4abd759b9a6bb1",
    "/tk.30fbd9de034a7cfe.svg": "724ac8c536245a66ece519300490bbea37b9ceee",
    "/tk.5f29e65fc8cd7938.svg": "1ecf8a9d87b6c7efd96f14d1221b28efc5026db0",
    "/tl.3063fdd64742c5d0.svg": "8c36c1806d0d461a9f4c712c1b74f6b497cebbba",
    "/tl.ef0f2cbbbd948f61.svg": "1cc516ffc440e77104dcf7207a3b291ae5a1eb0f",
    "/tm.265080f0cca5fa06.svg": "14ac6b23c27f0dbeeb29f35be9fada97f2e60707",
    "/tm.be7d9f5666fa2cb9.svg": "aa17be72d39f0eff130b897e12a7895c8b303682",
    "/tn.30fc3c0d24f19f8d.svg": "28f192bb426fa6bfbfafa688f89038a1c2d2e79b",
    "/tn.463af4f4db0b259b.svg": "8e9475bb820689da284583f11d94828d1e682afc",
    "/to.0c189a701557c786.svg": "ba603cb4b3db6ce044a4e139334a30f2d68eb69f",
    "/to.16ae324599c3ab02.svg": "08b00175ff4f39cd5e7d087ac77c396a40a93c20",
    "/tooltip1.99de1d165e871a7a.svg": "314382eed0890d50beaa9af2d7c53314253bd126",
    "/tr.51bd6d833f47a590.svg": "a00076b6398fe8f4f75c86fe2d007c73358e8325",
    "/tr.f1130df240266458.svg": "3f628733f23d18084d30c5f772d8215e028f8dc9",
    "/tt.620b07e914103f4b.svg": "c4c17adf8be1e57c2983777b705254c4a67cb7d7",
    "/tt.aca3686383a3e99f.svg": "270578fe14c4200975cf38de4cf0bd457e7503f1",
    "/tv.1f4f7eebb3005992.svg": "191ef077923a8a0b3d046feff0e06a66dfeee0b5",
    "/tv.84bc34aaf1482dc5.svg": "9fd534c17089230f8f7e66cb8b71a4f331fdcc42",
    "/tw.22b9941622fa6979.svg": "22089445d18726c188085e1401e8158be2b951aa",
    "/tw.74399a032f9ee00b.svg": "226a64fa049af029583f214cfcd3187fb7f13304",
    "/tz.507de254a3f2fa4f.svg": "9a21b8d434997c071343b99634ce87eae2bafd10",
    "/tz.b1e17c7817a92229.svg": "b3e6425220bcc50fb1fed8eb11703a6abe526f7c",
    "/ua.133a885fe0c292f5.svg": "c5ceec9e99305b29fb0b018206b5d1d25e9dd75c",
    "/ua.de6cb4ba87b5f840.svg": "879badd6048d74806fffd69c1f9dac7972264cff",
    "/ug.539c79c50829b897.svg": "bb558893ece8ac0ffd6c7025b84f9b4ac80ed5fa",
    "/ug.ab539df86b96cd34.svg": "8f5f3d9af3ec6cea90ed63c5aa1a036c007781d2",
    "/um.2fe32df00fd0496a.svg": "7a28a03d91aa15c54f3c597ec960a9e23665a6df",
    "/um.c0ad4f0f656db41b.svg": "7738092a1a3785817fd9b6e35f010103edc0b830",
    "/un.7c06a0ad19221b6c.svg": "0bcf55193c67d17b4b20d2fd53af4f71b55d5142",
    "/un.d3cd573f9e85bddb.svg": "67e2e82e496f11275081001bb74065f2dd01f732",
    "/us.049f6060b5de3591.svg": "9808da31f3c01d56c96337095acdc10ecca517c1",
    "/us.5165cb74899e3817.svg": "5dde5af40430b3ef27edc20d133fed0c56ad83ed",
    "/uy.3a1891821f9cc592.svg": "6b640aaaac16a71b3ab6f210f455503cf7ac5790",
    "/uy.ce596d4643a05c0f.svg": "8b79e24d8d0dd400c295cb5988044f9b00fa1f35",
    "/uz.a819896bde0fd1f0.svg": "73bfa9d6e1abaf56a72736bb7d3a2bea7fe85f58",
    "/uz.eea237174a7ddcec.svg": "bbdee2522982515bf7e94dff9f111f0328900a7a",
    "/va.b69a59b78433b6ed.svg": "34088dd295e85b9dc0a8359da50334aeb1406423",
    "/va.bbff4ab6bd882286.svg": "f800a9a0e91852f00d049d0bb9261ca370a46cdd",
    "/vc.3399bdf229c33a0d.svg": "6affe1e15ff7c5ec315955f365c4e1c57e87b80f",
    "/vc.d5c662310fdca8b1.svg": "9bf54de408bf7000f5c648b19d6f7e0634eae030",
    "/ve.113faee5a7fa2843.svg": "f65c483e68dcd52c1d1886eb6a692e0da26cc581",
    "/ve.9f018fa645444a32.svg": "4d5584e638beeebf09950ee3bd2ceeef9cffbe79",
    "/vg.5273d0e2a49f9a22.svg": "e220ff3093b562ad93929164b5e3fb3d3342d198",
    "/vg.9d3f511c670c6413.svg": "b70e3576b26a70e0f0bedd84418dc5f54cc589c7",
    "/vi.9d564821e3c696be.svg": "ba9ea09dab1563874e349af62583651bef46c359",
    "/vi.ab4de26de78dc78a.svg": "4435553f60c4b17f2b80b35f600ee633a8994b93",
    "/vn.0689f297b48bcdd5.svg": "86bd2629d596c57244a4b17312b9874e65496223",
    "/vn.f4201868143b245b.svg": "d58b221655d4c3c7a31b9119eb27e96c3557dd84",
    "/vu.7009bbba570e524e.svg": "20a32dd738d9c23e5735e305aab0dfab4b59c217",
    "/vu.c536ae52f586410d.svg": "69e75d8b648027ac72f426b3c3e936ccc857db2b",
    "/wf.3e818b6b4247e821.svg": "0f7a38c675621676ea436c12d505568a720ed590",
    "/wf.efac5681de44e9a4.svg": "c6a76321421975b0d205f20cc697a6ea95cbbe1b",
    "/ws.1ab6e33cada9d1b5.svg": "c9ee187cd82af886a89782effee2993c1e6da77d",
    "/ws.5b7bda3983035bd0.svg": "66e6dee8eaf06f744fa324bbbe1b3ddc4fc2d0c8",
    "/ye.705dc3b81860c910.svg": "6f8dcf8be616946a1dba9d3f53278601ac865c7c",
    "/ye.b630596d5771d289.svg": "21af5f06713a32b28c020a0f0d4b417decd4d858",
    "/yt.72588063f5070295.svg": "2b350113b5a1418c173010280b5e55c56a3458db",
    "/yt.dc667f7d0325904a.svg": "a7f12be80e15919ec988d0f1317e71507db516dd",
    "/za.d2903c61e0e84f67.svg": "caf4f489ba10b40c2c7fd95f3cd82b61d0a4e0ed",
    "/za.e335ef80518ec88f.svg": "dc78c704647a99b378172329b276ab85afcc6ba6",
    "/zm.5a9a8276dc4403c4.svg": "13561174d9e2cd49c7df4384fb8dc0ddaacd2816",
    "/zm.663b19d39aa9f994.svg": "3441bf58fdb38ded480f561ecc9cd2046521e91f",
    "/zw.004126673c110271.svg": "8743cadd844a30925da8b27f8af280bd7ec62eb3",
    "/zw.87199751b932ac1c.svg": "0ee6f26da7b1cc6226c0d3a22d0a50b7be28637f"
  },
  "navigationUrls": [
    {
      "positive": true,
      "regex": "^\\/.*$"
    },
    {
      "positive": false,
      "regex": "^\\/(?:.+\\/)?[^/]*\\.[^/]*$"
    },
    {
      "positive": false,
      "regex": "^\\/(?:.+\\/)?[^/]*__[^/]*$"
    },
    {
      "positive": false,
      "regex": "^\\/(?:.+\\/)?[^/]*__[^/]*\\/.*$"
    }
  ],
  "navigationRequestStrategy": "performance"
}